"family","original_instance_id","subfamily","global_instance_id","canonical_xml_path","fingerprint","collision_scope"
"STADTLER2003","LSDM_STADTLER2003_MLCLSP_16_erratic_G501120","C","STADTLER2003::C::LSDM_STADTLER2003_MLCLSP_16_erratic_G501120","D:\Dev\LotSizingDataModel.Benchmarks\benchmarks\STADTLER2003\C\instances\LSDM_STADTLER2003_MLCLSP_16_erratic_G501120.xml","SHA256-XML-1:2ED1BAE45A6CA859003994E3B91CE9EE4F327C1D3F26E9F7A1B2F4318E1AEBA8","HISTORICAL_ID_REUSED_ACROSS_SUBFAMILIES"
"STADTLER2003","LSDM_STADTLER2003_MLCLSP_16_erratic_G501120","E","STADTLER2003::E::LSDM_STADTLER2003_MLCLSP_16_erratic_G501120","D:\Dev\LotSizingDataModel.Benchmarks\benchmarks\STADTLER2003\E\instances\LSDM_STADTLER2003_MLCLSP_16_erratic_G501120.xml","SHA256-XML-1:00D5820AC1BC68598EA8D89FB2EADF496A36976F5300CC8F8000F996963D487C","HISTORICAL_ID_REUSED_ACROSS_SUBFAMILIES"
"STADTLER2003","LSDM_STADTLER2003_MLCLSP_16_erratic_G501130","C","STADTLER2003::C::LSDM_STADTLER2003_MLCLSP_16_erratic_G501130","D:\Dev\LotSizingDataModel.Benchmarks\benchmarks\STADTLER2003\C\instances\LSDM_STADTLER2003_MLCLSP_16_erratic_G501130.xml","SHA256-XML-1:B49B6C37B7AD0876A80B5C638F58B1E26B019889424DAC5C4767EBB1B1B2FAA3","HISTORICAL_ID_REUSED_ACROSS_SUBFAMILIES"
"STADTLER2003","LSDM_STADTLER2003_MLCLSP_16_erratic_G501130","E","STADTLER2003::E::LSDM_STADTLER2003_MLCLSP_16_erratic_G501130","D:\Dev\LotSizingDataModel.Benchmarks\benchmarks\STADTLER2003\E\instances\LSDM_STADTLER2003_MLCLSP_16_erratic_G501130.xml","SHA256-XML-1:1C99635464B5ADE751524AA66AE7BB6EE88B1495274A8D0EF700BFB6674F2FAC","HISTORICAL_ID_REUSED_ACROSS_SUBFAMILIES"
"STADTLER2003","LSDM_STADTLER2003_MLCLSP_16_erratic_G501140","C","STADTLER2003::C::LSDM_STADTLER2003_MLCLSP_16_erratic_G501140","D:\Dev\LotSizingDataModel.Benchmarks\benchmarks\STADTLER2003\C\instances\LSDM_STADTLER2003_MLCLSP_16_erratic_G501140.xml","SHA256-XML-1:9A9AE7CC5A44B2970D67A56CB814678AD3CCFB2A55ADA1BB12B330033625A6C1","HISTORICAL_ID_REUSED_ACROSS_SUBFAMILIES"
"STADTLER2003","LSDM_STADTLER2003_MLCLSP_16_erratic_G501140","E","STADTLER2003::E::LSDM_STADTLER2003_MLCLSP_16_erratic_G501140","D:\Dev\LotSizingDataModel.Benchmarks\benchmarks\STADTLER2003\E\instances\LSDM_STADTLER2003_MLCLSP_16_erratic_G501140.xml","SHA256-XML-1:E4DD868885470E96B806C55B459DB6A98C7E57FEF80A67645ADD02C838CC3003","HISTORICAL_ID_REUSED_ACROSS_SUBFAMILIES"
"STADTLER2003","LSDM_STADTLER2003_MLCLSP_16_erratic_G501220","C","STADTLER2003::C::LSDM_STADTLER2003_MLCLSP_16_erratic_G501220","D:\Dev\LotSizingDataModel.Benchmarks\benchmarks\STADTLER2003\C\instances\LSDM_STADTLER2003_MLCLSP_16_erratic_G501220.xml","SHA256-XML-1:CCF589B2DE322E361658A267E2B175055BE557A29B67C77868B44DD5C0FCC634","HISTORICAL_ID_REUSED_ACROSS_SUBFAMILIES"
"STADTLER2003","LSDM_STADTLER2003_MLCLSP_16_erratic_G501220","E","STADTLER2003::E::LSDM_STADTLER2003_MLCLSP_16_erratic_G501220","D:\Dev\LotSizingDataModel.Benchmarks\benchmarks\STADTLER2003\E\instances\LSDM_STADTLER2003_MLCLSP_16_erratic_G501220.xml","SHA256-XML-1:2E011FFD6F15A86A94B2EB68775AF0A31A65D945861F8FF953AE51F98864DCD2","HISTORICAL_ID_REUSED_ACROSS_SUBFAMILIES"
"STADTLER2003","LSDM_STADTLER2003_MLCLSP_16_erratic_G501230","C","STADTLER2003::C::LSDM_STADTLER2003_MLCLSP_16_erratic_G501230","D:\Dev\LotSizingDataModel.Benchmarks\benchmarks\STADTLER2003\C\instances\LSDM_STADTLER2003_MLCLSP_16_erratic_G501230.xml","SHA256-XML-1:76BB05643011B5698BB702841FCD791992C38965C39005F139AC11EA0216D5FE","HISTORICAL_ID_REUSED_ACROSS_SUBFAMILIES"
"STADTLER2003","LSDM_STADTLER2003_MLCLSP_16_erratic_G501230","E","STADTLER2003::E::LSDM_STADTLER2003_MLCLSP_16_erratic_G501230","D:\Dev\LotSizingDataModel.Benchmarks\benchmarks\STADTLER2003\E\instances\LSDM_STADTLER2003_MLCLSP_16_erratic_G501230.xml","SHA256-XML-1:66976866C603F524567D30B0B8BAD04B24E9704E3CDBB776D91F6949D82CCF3C","HISTORICAL_ID_REUSED_ACROSS_SUBFAMILIES"
"STADTLER2003","LSDM_STADTLER2003_MLCLSP_16_erratic_G501240","C","STADTLER2003::C::LSDM_STADTLER2003_MLCLSP_16_erratic_G501240","D:\Dev\LotSizingDataModel.Benchmarks\benchmarks\STADTLER2003\C\instances\LSDM_STADTLER2003_MLCLSP_16_erratic_G501240.xml","SHA256-XML-1:A601DD3FC63D51F24BDBA4C3C24EE6205E5978B30320BFF876A9F707DE56C5F1","HISTORICAL_ID_REUSED_ACROSS_SUBFAMILIES"
"STADTLER2003","LSDM_STADTLER2003_MLCLSP_16_erratic_G501240","E","STADTLER2003::E::LSDM_STADTLER2003_MLCLSP_16_erratic_G501240","D:\Dev\LotSizingDataModel.Benchmarks\benchmarks\STADTLER2003\E\instances\LSDM_STADTLER2003_MLCLSP_16_erratic_G501240.xml","SHA256-XML-1:6D74A0BC32973701816030242750669A35904D7106B105450593721CC55E8285","HISTORICAL_ID_REUSED_ACROSS_SUBFAMILIES"
"STADTLER2003","LSDM_STADTLER2003_MLCLSP_16_erratic_G501320","C","STADTLER2003::C::LSDM_STADTLER2003_MLCLSP_16_erratic_G501320","D:\Dev\LotSizingDataModel.Benchmarks\benchmarks\STADTLER2003\C\instances\LSDM_STADTLER2003_MLCLSP_16_erratic_G501320.xml","SHA256-XML-1:83C58EDEA65908BB0B2459B6BCDB13EB234CE2177216B39B0FC567E8111D212F","HISTORICAL_ID_REUSED_ACROSS_SUBFAMILIES"
"STADTLER2003","LSDM_STADTLER2003_MLCLSP_16_erratic_G501320","E","STADTLER2003::E::LSDM_STADTLER2003_MLCLSP_16_erratic_G501320","D:\Dev\LotSizingDataModel.Benchmarks\benchmarks\STADTLER2003\E\instances\LSDM_STADTLER2003_MLCLSP_16_erratic_G501320.xml","SHA256-XML-1:05112DAFC02A491B4F4CA6D2BBAEE0859D29C0E3734BC3061728793AFE60F026","HISTORICAL_ID_REUSED_ACROSS_SUBFAMILIES"
"STADTLER2003","LSDM_STADTLER2003_MLCLSP_16_erratic_G501330","C","STADTLER2003::C::LSDM_STADTLER2003_MLCLSP_16_erratic_G501330","D:\Dev\LotSizingDataModel.Benchmarks\benchmarks\STADTLER2003\C\instances\LSDM_STADTLER2003_MLCLSP_16_erratic_G501330.xml","SHA256-XML-1:B4181A87A8877E3E10379DDCA2B6DCA0F1826EC03BA87078894BD290CE13BEA0","HISTORICAL_ID_REUSED_ACROSS_SUBFAMILIES"
"STADTLER2003","LSDM_STADTLER2003_MLCLSP_16_erratic_G501330","E","STADTLER2003::E::LSDM_STADTLER2003_MLCLSP_16_erratic_G501330","D:\Dev\LotSizingDataModel.Benchmarks\benchmarks\STADTLER2003\E\instances\LSDM_STADTLER2003_MLCLSP_16_erratic_G501330.xml","SHA256-XML-1:6E89334C47B373C00C69F79F71CEF2D0FABA2A2408115C1030D881EB8B0EAC51","HISTORICAL_ID_REUSED_ACROSS_SUBFAMILIES"
"STADTLER2003","LSDM_STADTLER2003_MLCLSP_16_erratic_G501340","C","STADTLER2003::C::LSDM_STADTLER2003_MLCLSP_16_erratic_G501340","D:\Dev\LotSizingDataModel.Benchmarks\benchmarks\STADTLER2003\C\instances\LSDM_STADTLER2003_MLCLSP_16_erratic_G501340.xml","SHA256-XML-1:EC6A75A5B8C979CE0C7BC0B78DBBD4736CE5BF08AA5D3871ED12AB2F2AACF92B","HISTORICAL_ID_REUSED_ACROSS_SUBFAMILIES"
"STADTLER2003","LSDM_STADTLER2003_MLCLSP_16_erratic_G501340","E","STADTLER2003::E::LSDM_STADTLER2003_MLCLSP_16_erratic_G501340","D:\Dev\LotSizingDataModel.Benchmarks\benchmarks\STADTLER2003\E\instances\LSDM_STADTLER2003_MLCLSP_16_erratic_G501340.xml","SHA256-XML-1:F58B70695CECFCC0E93FA07DA8185A000D38703515118C24C9CD919DD84EF9E5","HISTORICAL_ID_REUSED_ACROSS_SUBFAMILIES"
"STADTLER2003","LSDM_STADTLER2003_MLCLSP_16_erratic_G501420","C","STADTLER2003::C::LSDM_STADTLER2003_MLCLSP_16_erratic_G501420","D:\Dev\LotSizingDataModel.Benchmarks\benchmarks\STADTLER2003\C\instances\LSDM_STADTLER2003_MLCLSP_16_erratic_G501420.xml","SHA256-XML-1:1F7ABD9E4F1FC3175E0C008DC8378C95C4A429E8428D9D41010B96BF4AAE66A0","HISTORICAL_ID_REUSED_ACROSS_SUBFAMILIES"
"STADTLER2003","LSDM_STADTLER2003_MLCLSP_16_erratic_G501420","E","STADTLER2003::E::LSDM_STADTLER2003_MLCLSP_16_erratic_G501420","D:\Dev\LotSizingDataModel.Benchmarks\benchmarks\STADTLER2003\E\instances\LSDM_STADTLER2003_MLCLSP_16_erratic_G501420.xml","SHA256-XML-1:674C658CCFB0B1BF6C2C2DBBA3EAAA604F2FDB5D60D63D13792F4157DC4D5C46","HISTORICAL_ID_REUSED_ACROSS_SUBFAMILIES"
"STADTLER2003","LSDM_STADTLER2003_MLCLSP_16_erratic_G501430","C","STADTLER2003::C::LSDM_STADTLER2003_MLCLSP_16_erratic_G501430","D:\Dev\LotSizingDataModel.Benchmarks\benchmarks\STADTLER2003\C\instances\LSDM_STADTLER2003_MLCLSP_16_erratic_G501430.xml","SHA256-XML-1:AB77147972CFBCAEB4FBDA2B56A8AC9CFE42C6437EEA82BE4311F8B9666C6B9E","HISTORICAL_ID_REUSED_ACROSS_SUBFAMILIES"
"STADTLER2003","LSDM_STADTLER2003_MLCLSP_16_erratic_G501430","E","STADTLER2003::E::LSDM_STADTLER2003_MLCLSP_16_erratic_G501430","D:\Dev\LotSizingDataModel.Benchmarks\benchmarks\STADTLER2003\E\instances\LSDM_STADTLER2003_MLCLSP_16_erratic_G501430.xml","SHA256-XML-1:690AF736F1822134ADB83BC193D3E2D730E5C03ADEB27C18077BF5C6C89F5CAE","HISTORICAL_ID_REUSED_ACROSS_SUBFAMILIES"
"STADTLER2003","LSDM_STADTLER2003_MLCLSP_16_erratic_G501440","C","STADTLER2003::C::LSDM_STADTLER2003_MLCLSP_16_erratic_G501440","D:\Dev\LotSizingDataModel.Benchmarks\benchmarks\STADTLER2003\C\instances\LSDM_STADTLER2003_MLCLSP_16_erratic_G501440.xml","SHA256-XML-1:12745C09221D384D244C20020E50D22B46AC58CDB93B6C017C9E0DDAF465614C","HISTORICAL_ID_REUSED_ACROSS_SUBFAMILIES"
"STADTLER2003","LSDM_STADTLER2003_MLCLSP_16_erratic_G501440","E","STADTLER2003::E::LSDM_STADTLER2003_MLCLSP_16_erratic_G501440","D:\Dev\LotSizingDataModel.Benchmarks\benchmarks\STADTLER2003\E\instances\LSDM_STADTLER2003_MLCLSP_16_erratic_G501440.xml","SHA256-XML-1:9FCDFBFC5622F81FA63B1B6387F44F002CA9C28C3339AAC1F875D64ACE41B077","HISTORICAL_ID_REUSED_ACROSS_SUBFAMILIES"
"STADTLER2003","LSDM_STADTLER2003_MLCLSP_16_erratic_G501520","C","STADTLER2003::C::LSDM_STADTLER2003_MLCLSP_16_erratic_G501520","D:\Dev\LotSizingDataModel.Benchmarks\benchmarks\STADTLER2003\C\instances\LSDM_STADTLER2003_MLCLSP_16_erratic_G501520.xml","SHA256-XML-1:33B57657EC35E4AF1D4708BFDDC8E26AA45F7549169544242BE33F1A49CF57DA","HISTORICAL_ID_REUSED_ACROSS_SUBFAMILIES"
"STADTLER2003","LSDM_STADTLER2003_MLCLSP_16_erratic_G501520","E","STADTLER2003::E::LSDM_STADTLER2003_MLCLSP_16_erratic_G501520","D:\Dev\LotSizingDataModel.Benchmarks\benchmarks\STADTLER2003\E\instances\LSDM_STADTLER2003_MLCLSP_16_erratic_G501520.xml","SHA256-XML-1:6B270A929D6CB29C9EC3E0DE44EC869B4829A788E7B7EBA7A8BA05746774836A","HISTORICAL_ID_REUSED_ACROSS_SUBFAMILIES"
"STADTLER2003","LSDM_STADTLER2003_MLCLSP_16_erratic_G501530","C","STADTLER2003::C::LSDM_STADTLER2003_MLCLSP_16_erratic_G501530","D:\Dev\LotSizingDataModel.Benchmarks\benchmarks\STADTLER2003\C\instances\LSDM_STADTLER2003_MLCLSP_16_erratic_G501530.xml","SHA256-XML-1:9B6FB6FBD3F390DFC6E4D1553A05522FBBC37AB566D2E363DA865B87080D7C5F","HISTORICAL_ID_REUSED_ACROSS_SUBFAMILIES"
"STADTLER2003","LSDM_STADTLER2003_MLCLSP_16_erratic_G501530","E","STADTLER2003::E::LSDM_STADTLER2003_MLCLSP_16_erratic_G501530","D:\Dev\LotSizingDataModel.Benchmarks\benchmarks\STADTLER2003\E\instances\LSDM_STADTLER2003_MLCLSP_16_erratic_G501530.xml","SHA256-XML-1:56B4E9ACCE2B79DCF4F6906CE5696BFE0356E9B0CAA5CCAA3DF5D06C4987AE18","HISTORICAL_ID_REUSED_ACROSS_SUBFAMILIES"
"STADTLER2003","LSDM_STADTLER2003_MLCLSP_16_erratic_G501540","C","STADTLER2003::C::LSDM_STADTLER2003_MLCLSP_16_erratic_G501540","D:\Dev\LotSizingDataModel.Benchmarks\benchmarks\STADTLER2003\C\instances\LSDM_STADTLER2003_MLCLSP_16_erratic_G501540.xml","SHA256-XML-1:551445D08CA934BF67C0B3417FF245FFE9A745C2952FE2719B006A097BC5C303","HISTORICAL_ID_REUSED_ACROSS_SUBFAMILIES"
"STADTLER2003","LSDM_STADTLER2003_MLCLSP_16_erratic_G501540","E","STADTLER2003::E::LSDM_STADTLER2003_MLCLSP_16_erratic_G501540","D:\Dev\LotSizingDataModel.Benchmarks\benchmarks\STADTLER2003\E\instances\LSDM_STADTLER2003_MLCLSP_16_erratic_G501540.xml","SHA256-XML-1:5AD914ED853ADECB7712691B5E3DF90254B5C71EC3329E676AEBC92B0C76AFAA","HISTORICAL_ID_REUSED_ACROSS_SUBFAMILIES"
"STADTLER2003","LSDM_STADTLER2003_MLCLSP_16_erratic_G502120","C","STADTLER2003::C::LSDM_STADTLER2003_MLCLSP_16_erratic_G502120","D:\Dev\LotSizingDataModel.Benchmarks\benchmarks\STADTLER2003\C\instances\LSDM_STADTLER2003_MLCLSP_16_erratic_G502120.xml","SHA256-XML-1:2F050883BC8FE9C7D3E3FEE814AF5225ECA5FABBC0844FEFE93D384B441ED8EB","HISTORICAL_ID_REUSED_ACROSS_SUBFAMILIES"
"STADTLER2003","LSDM_STADTLER2003_MLCLSP_16_erratic_G502120","E","STADTLER2003::E::LSDM_STADTLER2003_MLCLSP_16_erratic_G502120","D:\Dev\LotSizingDataModel.Benchmarks\benchmarks\STADTLER2003\E\instances\LSDM_STADTLER2003_MLCLSP_16_erratic_G502120.xml","SHA256-XML-1:016DA58D90A89508C3E8CFBA367C25E39829FCFC5C71CCA453316F23F61438A8","HISTORICAL_ID_REUSED_ACROSS_SUBFAMILIES"
"STADTLER2003","LSDM_STADTLER2003_MLCLSP_16_erratic_G502130","C","STADTLER2003::C::LSDM_STADTLER2003_MLCLSP_16_erratic_G502130","D:\Dev\LotSizingDataModel.Benchmarks\benchmarks\STADTLER2003\C\instances\LSDM_STADTLER2003_MLCLSP_16_erratic_G502130.xml","SHA256-XML-1:91C95EA866310FAD897E6A70D3CF8060B9373DAC8F1F560E3D8561275CB7A67A","HISTORICAL_ID_REUSED_ACROSS_SUBFAMILIES"
"STADTLER2003","LSDM_STADTLER2003_MLCLSP_16_erratic_G502130","E","STADTLER2003::E::LSDM_STADTLER2003_MLCLSP_16_erratic_G502130","D:\Dev\LotSizingDataModel.Benchmarks\benchmarks\STADTLER2003\E\instances\LSDM_STADTLER2003_MLCLSP_16_erratic_G502130.xml","SHA256-XML-1:11180AB64E37807FF70219D35A3F5D0CBAC85EEFBB4A44C69BEBAF6028DA4371","HISTORICAL_ID_REUSED_ACROSS_SUBFAMILIES"
"STADTLER2003","LSDM_STADTLER2003_MLCLSP_16_erratic_G502140","C","STADTLER2003::C::LSDM_STADTLER2003_MLCLSP_16_erratic_G502140","D:\Dev\LotSizingDataModel.Benchmarks\benchmarks\STADTLER2003\C\instances\LSDM_STADTLER2003_MLCLSP_16_erratic_G502140.xml","SHA256-XML-1:ADD14B812DE33F86657B9C8CCB8CC37B46FDB2A48FC8EB5AE02349126A75F378","HISTORICAL_ID_REUSED_ACROSS_SUBFAMILIES"
"STADTLER2003","LSDM_STADTLER2003_MLCLSP_16_erratic_G502140","E","STADTLER2003::E::LSDM_STADTLER2003_MLCLSP_16_erratic_G502140","D:\Dev\LotSizingDataModel.Benchmarks\benchmarks\STADTLER2003\E\instances\LSDM_STADTLER2003_MLCLSP_16_erratic_G502140.xml","SHA256-XML-1:626D229B340AA7646D0419F02DA87594CB2F5A4AFC2BA49DAABB50A3C8D16A91","HISTORICAL_ID_REUSED_ACROSS_SUBFAMILIES"
"STADTLER2003","LSDM_STADTLER2003_MLCLSP_16_erratic_G502220","C","STADTLER2003::C::LSDM_STADTLER2003_MLCLSP_16_erratic_G502220","D:\Dev\LotSizingDataModel.Benchmarks\benchmarks\STADTLER2003\C\instances\LSDM_STADTLER2003_MLCLSP_16_erratic_G502220.xml","SHA256-XML-1:628173D3596C0CB937B58FDA3E6FD18066743C2814ABA6FAE9D927AF79A2F6D0","HISTORICAL_ID_REUSED_ACROSS_SUBFAMILIES"
"STADTLER2003","LSDM_STADTLER2003_MLCLSP_16_erratic_G502220","E","STADTLER2003::E::LSDM_STADTLER2003_MLCLSP_16_erratic_G502220","D:\Dev\LotSizingDataModel.Benchmarks\benchmarks\STADTLER2003\E\instances\LSDM_STADTLER2003_MLCLSP_16_erratic_G502220.xml","SHA256-XML-1:69658D333EBA835BC11CC00D65F13CE209399EE08A0FCF8265D08C3BA1AA8E90","HISTORICAL_ID_REUSED_ACROSS_SUBFAMILIES"
"STADTLER2003","LSDM_STADTLER2003_MLCLSP_16_erratic_G502230","C","STADTLER2003::C::LSDM_STADTLER2003_MLCLSP_16_erratic_G502230","D:\Dev\LotSizingDataModel.Benchmarks\benchmarks\STADTLER2003\C\instances\LSDM_STADTLER2003_MLCLSP_16_erratic_G502230.xml","SHA256-XML-1:C5CC930C01445514B2EADC279E72EECC5AF72255A989621626A80FB49190874C","HISTORICAL_ID_REUSED_ACROSS_SUBFAMILIES"
"STADTLER2003","LSDM_STADTLER2003_MLCLSP_16_erratic_G502230","E","STADTLER2003::E::LSDM_STADTLER2003_MLCLSP_16_erratic_G502230","D:\Dev\LotSizingDataModel.Benchmarks\benchmarks\STADTLER2003\E\instances\LSDM_STADTLER2003_MLCLSP_16_erratic_G502230.xml","SHA256-XML-1:941ADBB36451E5ADBCB4FE291849B2414BD850071CEEA838D347A458A3BA6DBF","HISTORICAL_ID_REUSED_ACROSS_SUBFAMILIES"
"STADTLER2003","LSDM_STADTLER2003_MLCLSP_16_erratic_G502240","C","STADTLER2003::C::LSDM_STADTLER2003_MLCLSP_16_erratic_G502240","D:\Dev\LotSizingDataModel.Benchmarks\benchmarks\STADTLER2003\C\instances\LSDM_STADTLER2003_MLCLSP_16_erratic_G502240.xml","SHA256-XML-1:18027213280C10EBA04A96AF224D79F18F2D6BB1B8217ED0C10B95FB1D352DEF","HISTORICAL_ID_REUSED_ACROSS_SUBFAMILIES"
"STADTLER2003","LSDM_STADTLER2003_MLCLSP_16_erratic_G502240","E","STADTLER2003::E::LSDM_STADTLER2003_MLCLSP_16_erratic_G502240","D:\Dev\LotSizingDataModel.Benchmarks\benchmarks\STADTLER2003\E\instances\LSDM_STADTLER2003_MLCLSP_16_erratic_G502240.xml","SHA256-XML-1:361312D3A5F600D25E2FBB29241770CEE88B25BED8442695C7BF21195B404DDB","HISTORICAL_ID_REUSED_ACROSS_SUBFAMILIES"
"STADTLER2003","LSDM_STADTLER2003_MLCLSP_16_erratic_G502320","C","STADTLER2003::C::LSDM_STADTLER2003_MLCLSP_16_erratic_G502320","D:\Dev\LotSizingDataModel.Benchmarks\benchmarks\STADTLER2003\C\instances\LSDM_STADTLER2003_MLCLSP_16_erratic_G502320.xml","SHA256-XML-1:ABDF76B1E69A8DFCE9D2E655B39676F498CA277EB5704EC9665E751A7B76EEC0","HISTORICAL_ID_REUSED_ACROSS_SUBFAMILIES"
"STADTLER2003","LSDM_STADTLER2003_MLCLSP_16_erratic_G502320","E","STADTLER2003::E::LSDM_STADTLER2003_MLCLSP_16_erratic_G502320","D:\Dev\LotSizingDataModel.Benchmarks\benchmarks\STADTLER2003\E\instances\LSDM_STADTLER2003_MLCLSP_16_erratic_G502320.xml","SHA256-XML-1:3F48B3E2F3C1F03504436032E0B9165EF899F52048DF6C9C789CB3F79AD58691","HISTORICAL_ID_REUSED_ACROSS_SUBFAMILIES"
"STADTLER2003","LSDM_STADTLER2003_MLCLSP_16_erratic_G502330","C","STADTLER2003::C::LSDM_STADTLER2003_MLCLSP_16_erratic_G502330","D:\Dev\LotSizingDataModel.Benchmarks\benchmarks\STADTLER2003\C\instances\LSDM_STADTLER2003_MLCLSP_16_erratic_G502330.xml","SHA256-XML-1:68F4799C2653B2B4806C0AED9F01DA9774C353D98F269966FF856C0BD65B5AB0","HISTORICAL_ID_REUSED_ACROSS_SUBFAMILIES"
"STADTLER2003","LSDM_STADTLER2003_MLCLSP_16_erratic_G502330","E","STADTLER2003::E::LSDM_STADTLER2003_MLCLSP_16_erratic_G502330","D:\Dev\LotSizingDataModel.Benchmarks\benchmarks\STADTLER2003\E\instances\LSDM_STADTLER2003_MLCLSP_16_erratic_G502330.xml","SHA256-XML-1:89E50CC4167E5894F6916C2244A76D2A587803FF23B236665F67E490FA3CB83E","HISTORICAL_ID_REUSED_ACROSS_SUBFAMILIES"
"STADTLER2003","LSDM_STADTLER2003_MLCLSP_16_erratic_G502340","C","STADTLER2003::C::LSDM_STADTLER2003_MLCLSP_16_erratic_G502340","D:\Dev\LotSizingDataModel.Benchmarks\benchmarks\STADTLER2003\C\instances\LSDM_STADTLER2003_MLCLSP_16_erratic_G502340.xml","SHA256-XML-1:3187FB043711980ED4C7EDD622F7A2011E2F3D0B1741104C2DEC27CE97366B37","HISTORICAL_ID_REUSED_ACROSS_SUBFAMILIES"
"STADTLER2003","LSDM_STADTLER2003_MLCLSP_16_erratic_G502340","E","STADTLER2003::E::LSDM_STADTLER2003_MLCLSP_16_erratic_G502340","D:\Dev\LotSizingDataModel.Benchmarks\benchmarks\STADTLER2003\E\instances\LSDM_STADTLER2003_MLCLSP_16_erratic_G502340.xml","SHA256-XML-1:C8DAD74C9A9E3FD16BDEE23D8F84D9B6A795E289695C6C6123125CD49020CDA4","HISTORICAL_ID_REUSED_ACROSS_SUBFAMILIES"
"STADTLER2003","LSDM_STADTLER2003_MLCLSP_16_erratic_G502420","C","STADTLER2003::C::LSDM_STADTLER2003_MLCLSP_16_erratic_G502420","D:\Dev\LotSizingDataModel.Benchmarks\benchmarks\STADTLER2003\C\instances\LSDM_STADTLER2003_MLCLSP_16_erratic_G502420.xml","SHA256-XML-1:5AE4EC5F86F63B3A6D9CD8833520013978B250A6EB8E216DB2E63742948B4F22","HISTORICAL_ID_REUSED_ACROSS_SUBFAMILIES"
"STADTLER2003","LSDM_STADTLER2003_MLCLSP_16_erratic_G502420","E","STADTLER2003::E::LSDM_STADTLER2003_MLCLSP_16_erratic_G502420","D:\Dev\LotSizingDataModel.Benchmarks\benchmarks\STADTLER2003\E\instances\LSDM_STADTLER2003_MLCLSP_16_erratic_G502420.xml","SHA256-XML-1:BB941AF9833B1CA5FF4B239E786D87B3E63A3B50399CF1B1F1FBF799DDFC9777","HISTORICAL_ID_REUSED_ACROSS_SUBFAMILIES"
"STADTLER2003","LSDM_STADTLER2003_MLCLSP_16_erratic_G502430","C","STADTLER2003::C::LSDM_STADTLER2003_MLCLSP_16_erratic_G502430","D:\Dev\LotSizingDataModel.Benchmarks\benchmarks\STADTLER2003\C\instances\LSDM_STADTLER2003_MLCLSP_16_erratic_G502430.xml","SHA256-XML-1:F4DEC2F12579BB3590DB2299536CAE75221F7EE92FBD5139C79CDE50FC06ED91","HISTORICAL_ID_REUSED_ACROSS_SUBFAMILIES"
"STADTLER2003","LSDM_STADTLER2003_MLCLSP_16_erratic_G502430","E","STADTLER2003::E::LSDM_STADTLER2003_MLCLSP_16_erratic_G502430","D:\Dev\LotSizingDataModel.Benchmarks\benchmarks\STADTLER2003\E\instances\LSDM_STADTLER2003_MLCLSP_16_erratic_G502430.xml","SHA256-XML-1:43CBCD922482571EA4DBF6A8E0F97BD95AACE1D0D6EAAD3AA40C9A416B4E77E4","HISTORICAL_ID_REUSED_ACROSS_SUBFAMILIES"
"STADTLER2003","LSDM_STADTLER2003_MLCLSP_16_erratic_G502440","C","STADTLER2003::C::LSDM_STADTLER2003_MLCLSP_16_erratic_G502440","D:\Dev\LotSizingDataModel.Benchmarks\benchmarks\STADTLER2003\C\instances\LSDM_STADTLER2003_MLCLSP_16_erratic_G502440.xml","SHA256-XML-1:CDA422AC3B220354D23BA9BA9481B26CA9EAD214131CE3BCDF5D95829F77E9E2","HISTORICAL_ID_REUSED_ACROSS_SUBFAMILIES"
"STADTLER2003","LSDM_STADTLER2003_MLCLSP_16_erratic_G502440","E","STADTLER2003::E::LSDM_STADTLER2003_MLCLSP_16_erratic_G502440","D:\Dev\LotSizingDataModel.Benchmarks\benchmarks\STADTLER2003\E\instances\LSDM_STADTLER2003_MLCLSP_16_erratic_G502440.xml","SHA256-XML-1:2E9504ECA1553AB0DB8ACD1FEDA2AA9E653B1F5F5CFEB0D6EEE6E6FA333C93DC","HISTORICAL_ID_REUSED_ACROSS_SUBFAMILIES"
"STADTLER2003","LSDM_STADTLER2003_MLCLSP_16_erratic_G502520","C","STADTLER2003::C::LSDM_STADTLER2003_MLCLSP_16_erratic_G502520","D:\Dev\LotSizingDataModel.Benchmarks\benchmarks\STADTLER2003\C\instances\LSDM_STADTLER2003_MLCLSP_16_erratic_G502520.xml","SHA256-XML-1:BE7BC3B24A2BCB92FD69C39ECC2C2C77F030F56F5FB0DB4FCB8EF0DBBB14E042","HISTORICAL_ID_REUSED_ACROSS_SUBFAMILIES"
"STADTLER2003","LSDM_STADTLER2003_MLCLSP_16_erratic_G502520","E","STADTLER2003::E::LSDM_STADTLER2003_MLCLSP_16_erratic_G502520","D:\Dev\LotSizingDataModel.Benchmarks\benchmarks\STADTLER2003\E\instances\LSDM_STADTLER2003_MLCLSP_16_erratic_G502520.xml","SHA256-XML-1:421FE84B0FB5082F5B73065DAA8729992AE3584270441294ADFEB38ACA53513E","HISTORICAL_ID_REUSED_ACROSS_SUBFAMILIES"
"STADTLER2003","LSDM_STADTLER2003_MLCLSP_16_erratic_G502530","C","STADTLER2003::C::LSDM_STADTLER2003_MLCLSP_16_erratic_G502530","D:\Dev\LotSizingDataModel.Benchmarks\benchmarks\STADTLER2003\C\instances\LSDM_STADTLER2003_MLCLSP_16_erratic_G502530.xml","SHA256-XML-1:37622D8C62D07FC841B1D1DDEA7B7041EEC2DBC3DAD22FE9FD62F8A3BA74A6B9","HISTORICAL_ID_REUSED_ACROSS_SUBFAMILIES"
"STADTLER2003","LSDM_STADTLER2003_MLCLSP_16_erratic_G502530","E","STADTLER2003::E::LSDM_STADTLER2003_MLCLSP_16_erratic_G502530","D:\Dev\LotSizingDataModel.Benchmarks\benchmarks\STADTLER2003\E\instances\LSDM_STADTLER2003_MLCLSP_16_erratic_G502530.xml","SHA256-XML-1:8E202A3E09F95C3E6FE659CD449CDD8516D34CC3971A36048621ECFDD1D8FFA2","HISTORICAL_ID_REUSED_ACROSS_SUBFAMILIES"
"STADTLER2003","LSDM_STADTLER2003_MLCLSP_16_erratic_G502540","C","STADTLER2003::C::LSDM_STADTLER2003_MLCLSP_16_erratic_G502540","D:\Dev\LotSizingDataModel.Benchmarks\benchmarks\STADTLER2003\C\instances\LSDM_STADTLER2003_MLCLSP_16_erratic_G502540.xml","SHA256-XML-1:73DB39C9ADA45DDAA2F3B21C0303EAA3D8118BEBA8100144D94D96DDC003A69A","HISTORICAL_ID_REUSED_ACROSS_SUBFAMILIES"
"STADTLER2003","LSDM_STADTLER2003_MLCLSP_16_erratic_G502540","E","STADTLER2003::E::LSDM_STADTLER2003_MLCLSP_16_erratic_G502540","D:\Dev\LotSizingDataModel.Benchmarks\benchmarks\STADTLER2003\E\instances\LSDM_STADTLER2003_MLCLSP_16_erratic_G502540.xml","SHA256-XML-1:2F5A8FD2476B9CC02417BCDE84ECB6B3CA3F12E0E33ED5090540C52D36CBC43C","HISTORICAL_ID_REUSED_ACROSS_SUBFAMILIES"
"STADTLER2003","LSDM_STADTLER2003_MLCLSP_48_erratic_G501130","Cplus","STADTLER2003::Cplus::LSDM_STADTLER2003_MLCLSP_48_erratic_G501130","D:\Dev\LotSizingDataModel.Benchmarks\benchmarks\STADTLER2003\Cplus\instances\LSDM_STADTLER2003_MLCLSP_48_erratic_G501130.xml","SHA256-XML-1:B363C6B0242796CBE0A8BBB6A4F3CE6B66EC1B666DA66BEB52A6754A11871D9E","HISTORICAL_ID_REUSED_ACROSS_SUBFAMILIES"
"STADTLER2003","LSDM_STADTLER2003_MLCLSP_48_erratic_G501130","Eplus","STADTLER2003::Eplus::LSDM_STADTLER2003_MLCLSP_48_erratic_G501130","D:\Dev\LotSizingDataModel.Benchmarks\benchmarks\STADTLER2003\Eplus\instances\LSDM_STADTLER2003_MLCLSP_48_erratic_G501130.xml","SHA256-XML-1:4FA3481519D895E1AA26BB8B951068E684C0962F060CD3B91D30189D2E290F67","HISTORICAL_ID_REUSED_ACROSS_SUBFAMILIES"
"STADTLER2003","LSDM_STADTLER2003_MLCLSP_48_erratic_G501140","Cplus","STADTLER2003::Cplus::LSDM_STADTLER2003_MLCLSP_48_erratic_G501140","D:\Dev\LotSizingDataModel.Benchmarks\benchmarks\STADTLER2003\Cplus\instances\LSDM_STADTLER2003_MLCLSP_48_erratic_G501140.xml","SHA256-XML-1:F20CC639D3B1D027687400F15275C7D44FC22342837BC31B231EED36F91D9EAE","HISTORICAL_ID_REUSED_ACROSS_SUBFAMILIES"
"STADTLER2003","LSDM_STADTLER2003_MLCLSP_48_erratic_G501140","Eplus","STADTLER2003::Eplus::LSDM_STADTLER2003_MLCLSP_48_erratic_G501140","D:\Dev\LotSizingDataModel.Benchmarks\benchmarks\STADTLER2003\Eplus\instances\LSDM_STADTLER2003_MLCLSP_48_erratic_G501140.xml","SHA256-XML-1:638816A1EAB62EE8D0B6E0A02FA3EDAE0C92F8BA605A5A46C3001A02851AC1D7","HISTORICAL_ID_REUSED_ACROSS_SUBFAMILIES"
"STADTLER2003","LSDM_STADTLER2003_MLCLSP_48_erratic_G501230","Cplus","STADTLER2003::Cplus::LSDM_STADTLER2003_MLCLSP_48_erratic_G501230","D:\Dev\LotSizingDataModel.Benchmarks\benchmarks\STADTLER2003\Cplus\instances\LSDM_STADTLER2003_MLCLSP_48_erratic_G501230.xml","SHA256-XML-1:EB5ED81FCA03C0B16EF4C3FDD29750B80EAFB4075BE336FB05972C9108E80237","HISTORICAL_ID_REUSED_ACROSS_SUBFAMILIES"
"STADTLER2003","LSDM_STADTLER2003_MLCLSP_48_erratic_G501230","Eplus","STADTLER2003::Eplus::LSDM_STADTLER2003_MLCLSP_48_erratic_G501230","D:\Dev\LotSizingDataModel.Benchmarks\benchmarks\STADTLER2003\Eplus\instances\LSDM_STADTLER2003_MLCLSP_48_erratic_G501230.xml","SHA256-XML-1:C50D19F927ADAD8E316DBCFDC580C22D71D0903E7ADA3D229053883A8FC25EF1","HISTORICAL_ID_REUSED_ACROSS_SUBFAMILIES"
"STADTLER2003","LSDM_STADTLER2003_MLCLSP_48_erratic_G501240","Cplus","STADTLER2003::Cplus::LSDM_STADTLER2003_MLCLSP_48_erratic_G501240","D:\Dev\LotSizingDataModel.Benchmarks\benchmarks\STADTLER2003\Cplus\instances\LSDM_STADTLER2003_MLCLSP_48_erratic_G501240.xml","SHA256-XML-1:64AEA9DB4C638EA7A1E93514489D1E869AA4C6567D33460BD8C446AEBEF97CBB","HISTORICAL_ID_REUSED_ACROSS_SUBFAMILIES"
"STADTLER2003","LSDM_STADTLER2003_MLCLSP_48_erratic_G501240","Eplus","STADTLER2003::Eplus::LSDM_STADTLER2003_MLCLSP_48_erratic_G501240","D:\Dev\LotSizingDataModel.Benchmarks\benchmarks\STADTLER2003\Eplus\instances\LSDM_STADTLER2003_MLCLSP_48_erratic_G501240.xml","SHA256-XML-1:D57F63D3F030EF51384BFD7709FA74CC5E15E0D1217257706D7E3A0833FFC07B","HISTORICAL_ID_REUSED_ACROSS_SUBFAMILIES"
"STADTLER2003","LSDM_STADTLER2003_MLCLSP_48_erratic_G501330","Cplus","STADTLER2003::Cplus::LSDM_STADTLER2003_MLCLSP_48_erratic_G501330","D:\Dev\LotSizingDataModel.Benchmarks\benchmarks\STADTLER2003\Cplus\instances\LSDM_STADTLER2003_MLCLSP_48_erratic_G501330.xml","SHA256-XML-1:1AD9FE759631A99E9856AC073AE16637547CA268169E2476766816153CED5DA3","HISTORICAL_ID_REUSED_ACROSS_SUBFAMILIES"
"STADTLER2003","LSDM_STADTLER2003_MLCLSP_48_erratic_G501330","Eplus","STADTLER2003::Eplus::LSDM_STADTLER2003_MLCLSP_48_erratic_G501330","D:\Dev\LotSizingDataModel.Benchmarks\benchmarks\STADTLER2003\Eplus\instances\LSDM_STADTLER2003_MLCLSP_48_erratic_G501330.xml","SHA256-XML-1:787DBB9E2CF55014356CDEE9E9489D2C144C0AC1D129E8B716278896D41C177B","HISTORICAL_ID_REUSED_ACROSS_SUBFAMILIES"
"STADTLER2003","LSDM_STADTLER2003_MLCLSP_48_erratic_G501340","Cplus","STADTLER2003::Cplus::LSDM_STADTLER2003_MLCLSP_48_erratic_G501340","D:\Dev\LotSizingDataModel.Benchmarks\benchmarks\STADTLER2003\Cplus\instances\LSDM_STADTLER2003_MLCLSP_48_erratic_G501340.xml","SHA256-XML-1:26A79919712AEE18434381C6A558C74F49D72737272AFBC5273EF140DF099E8C","HISTORICAL_ID_REUSED_ACROSS_SUBFAMILIES"
"STADTLER2003","LSDM_STADTLER2003_MLCLSP_48_erratic_G501340","Eplus","STADTLER2003::Eplus::LSDM_STADTLER2003_MLCLSP_48_erratic_G501340","D:\Dev\LotSizingDataModel.Benchmarks\benchmarks\STADTLER2003\Eplus\instances\LSDM_STADTLER2003_MLCLSP_48_erratic_G501340.xml","SHA256-XML-1:8BC9FBF414A4B345FA6ADB411A30D2D7FE6875B75A7E0B3CA839F79A80D331E0","HISTORICAL_ID_REUSED_ACROSS_SUBFAMILIES"
"STADTLER2003","LSDM_STADTLER2003_MLCLSP_48_erratic_G501430","Cplus","STADTLER2003::Cplus::LSDM_STADTLER2003_MLCLSP_48_erratic_G501430","D:\Dev\LotSizingDataModel.Benchmarks\benchmarks\STADTLER2003\Cplus\instances\LSDM_STADTLER2003_MLCLSP_48_erratic_G501430.xml","SHA256-XML-1:5379566A63CA864293DDA4D3F4D383F91D7ABB6DDD5E17053B42819BF608C9CE","HISTORICAL_ID_REUSED_ACROSS_SUBFAMILIES"
"STADTLER2003","LSDM_STADTLER2003_MLCLSP_48_erratic_G501430","Eplus","STADTLER2003::Eplus::LSDM_STADTLER2003_MLCLSP_48_erratic_G501430","D:\Dev\LotSizingDataModel.Benchmarks\benchmarks\STADTLER2003\Eplus\instances\LSDM_STADTLER2003_MLCLSP_48_erratic_G501430.xml","SHA256-XML-1:AA8D96B89D3DE72D9145E748FBB3C034997CFD82872BFC56A3CDA30C1FB12D2A","HISTORICAL_ID_REUSED_ACROSS_SUBFAMILIES"
"STADTLER2003","LSDM_STADTLER2003_MLCLSP_48_erratic_G501440","Cplus","STADTLER2003::Cplus::LSDM_STADTLER2003_MLCLSP_48_erratic_G501440","D:\Dev\LotSizingDataModel.Benchmarks\benchmarks\STADTLER2003\Cplus\instances\LSDM_STADTLER2003_MLCLSP_48_erratic_G501440.xml","SHA256-XML-1:4BA2C146C27D7485F514FB3618EA04ED87AE581A83E9373810CFBAFEC8711B44","HISTORICAL_ID_REUSED_ACROSS_SUBFAMILIES"
"STADTLER2003","LSDM_STADTLER2003_MLCLSP_48_erratic_G501440","Eplus","STADTLER2003::Eplus::LSDM_STADTLER2003_MLCLSP_48_erratic_G501440","D:\Dev\LotSizingDataModel.Benchmarks\benchmarks\STADTLER2003\Eplus\instances\LSDM_STADTLER2003_MLCLSP_48_erratic_G501440.xml","SHA256-XML-1:E189D60AB1B9CD064407AF4B958965FD000AB920CA9A34EDD54E2F294FFD5D41","HISTORICAL_ID_REUSED_ACROSS_SUBFAMILIES"
"STADTLER2003","LSDM_STADTLER2003_MLCLSP_48_erratic_G501530","Cplus","STADTLER2003::Cplus::LSDM_STADTLER2003_MLCLSP_48_erratic_G501530","D:\Dev\LotSizingDataModel.Benchmarks\benchmarks\STADTLER2003\Cplus\instances\LSDM_STADTLER2003_MLCLSP_48_erratic_G501530.xml","SHA256-XML-1:892A211A1ACFB4E42F4DF26CB85DF04B408D0A4BB1ABEAC8E8A998D9BFA06E1C","HISTORICAL_ID_REUSED_ACROSS_SUBFAMILIES"
"STADTLER2003","LSDM_STADTLER2003_MLCLSP_48_erratic_G501530","Eplus","STADTLER2003::Eplus::LSDM_STADTLER2003_MLCLSP_48_erratic_G501530","D:\Dev\LotSizingDataModel.Benchmarks\benchmarks\STADTLER2003\Eplus\instances\LSDM_STADTLER2003_MLCLSP_48_erratic_G501530.xml","SHA256-XML-1:69B0BCE2B76AFC3B8EF5BD50FA258366D5C86102BA1D660347E9A9BDCAE46E1C","HISTORICAL_ID_REUSED_ACROSS_SUBFAMILIES"
"STADTLER2003","LSDM_STADTLER2003_MLCLSP_48_erratic_G501540","Cplus","STADTLER2003::Cplus::LSDM_STADTLER2003_MLCLSP_48_erratic_G501540","D:\Dev\LotSizingDataModel.Benchmarks\benchmarks\STADTLER2003\Cplus\instances\LSDM_STADTLER2003_MLCLSP_48_erratic_G501540.xml","SHA256-XML-1:7B797AE6843A6109637876E8E682870966FA8B42924BC09844C7A75A4E6E1A31","HISTORICAL_ID_REUSED_ACROSS_SUBFAMILIES"
"STADTLER2003","LSDM_STADTLER2003_MLCLSP_48_erratic_G501540","Eplus","STADTLER2003::Eplus::LSDM_STADTLER2003_MLCLSP_48_erratic_G501540","D:\Dev\LotSizingDataModel.Benchmarks\benchmarks\STADTLER2003\Eplus\instances\LSDM_STADTLER2003_MLCLSP_48_erratic_G501540.xml","SHA256-XML-1:9800ABF2C7420BE39DBE3BBD433CDA63E1601FBF40E7FD48F9256E857560AFFE","HISTORICAL_ID_REUSED_ACROSS_SUBFAMILIES"
"STADTLER2003","LSDM_STADTLER2003_MLCLSP_48_erratic_G502130","Cplus","STADTLER2003::Cplus::LSDM_STADTLER2003_MLCLSP_48_erratic_G502130","D:\Dev\LotSizingDataModel.Benchmarks\benchmarks\STADTLER2003\Cplus\instances\LSDM_STADTLER2003_MLCLSP_48_erratic_G502130.xml","SHA256-XML-1:52A76F80F32914298632CD04C27647EB7C26AEA0CF5E59E84A78656D55F14F70","HISTORICAL_ID_REUSED_ACROSS_SUBFAMILIES"
"STADTLER2003","LSDM_STADTLER2003_MLCLSP_48_erratic_G502130","Eplus","STADTLER2003::Eplus::LSDM_STADTLER2003_MLCLSP_48_erratic_G502130","D:\Dev\LotSizingDataModel.Benchmarks\benchmarks\STADTLER2003\Eplus\instances\LSDM_STADTLER2003_MLCLSP_48_erratic_G502130.xml","SHA256-XML-1:4BEF84DCD1BA1CA49F703F8E4E6D963CB8EBA498271DE6BB50E3F27E7F056DC9","HISTORICAL_ID_REUSED_ACROSS_SUBFAMILIES"
"STADTLER2003","LSDM_STADTLER2003_MLCLSP_48_erratic_G502140","Cplus","STADTLER2003::Cplus::LSDM_STADTLER2003_MLCLSP_48_erratic_G502140","D:\Dev\LotSizingDataModel.Benchmarks\benchmarks\STADTLER2003\Cplus\instances\LSDM_STADTLER2003_MLCLSP_48_erratic_G502140.xml","SHA256-XML-1:828E2BC26E4971FEE690F77706A9A0D8D7FCFE730485A31D9A662C7E0D3BB40D","HISTORICAL_ID_REUSED_ACROSS_SUBFAMILIES"
"STADTLER2003","LSDM_STADTLER2003_MLCLSP_48_erratic_G502140","Eplus","STADTLER2003::Eplus::LSDM_STADTLER2003_MLCLSP_48_erratic_G502140","D:\Dev\LotSizingDataModel.Benchmarks\benchmarks\STADTLER2003\Eplus\instances\LSDM_STADTLER2003_MLCLSP_48_erratic_G502140.xml","SHA256-XML-1:F439D2B91F5754E8FADA66E5529AB1D5E63046AD23C4F5591F4ACA5DBF3B407E","HISTORICAL_ID_REUSED_ACROSS_SUBFAMILIES"
"STADTLER2003","LSDM_STADTLER2003_MLCLSP_48_erratic_G502230","Cplus","STADTLER2003::Cplus::LSDM_STADTLER2003_MLCLSP_48_erratic_G502230","D:\Dev\LotSizingDataModel.Benchmarks\benchmarks\STADTLER2003\Cplus\instances\LSDM_STADTLER2003_MLCLSP_48_erratic_G502230.xml","SHA256-XML-1:7195C9253AFB91C4E964ADE29BA74C912C55E074A5824C6A402B4C69C0E6B84A","HISTORICAL_ID_REUSED_ACROSS_SUBFAMILIES"
"STADTLER2003","LSDM_STADTLER2003_MLCLSP_48_erratic_G502230","Eplus","STADTLER2003::Eplus::LSDM_STADTLER2003_MLCLSP_48_erratic_G502230","D:\Dev\LotSizingDataModel.Benchmarks\benchmarks\STADTLER2003\Eplus\instances\LSDM_STADTLER2003_MLCLSP_48_erratic_G502230.xml","SHA256-XML-1:DB2AFB5B78A3FF1CD7B0EEE54B0C92B9DEF9CDCF7087B80D20F4FB785BB97652","HISTORICAL_ID_REUSED_ACROSS_SUBFAMILIES"
"STADTLER2003","LSDM_STADTLER2003_MLCLSP_48_erratic_G502240","Cplus","STADTLER2003::Cplus::LSDM_STADTLER2003_MLCLSP_48_erratic_G502240","D:\Dev\LotSizingDataModel.Benchmarks\benchmarks\STADTLER2003\Cplus\instances\LSDM_STADTLER2003_MLCLSP_48_erratic_G502240.xml","SHA256-XML-1:41B707FDB4918C14D504FC2AF97FD332D201D2E1B23EDF275787C4CCD3D757A4","HISTORICAL_ID_REUSED_ACROSS_SUBFAMILIES"
"STADTLER2003","LSDM_STADTLER2003_MLCLSP_48_erratic_G502240","Eplus","STADTLER2003::Eplus::LSDM_STADTLER2003_MLCLSP_48_erratic_G502240","D:\Dev\LotSizingDataModel.Benchmarks\benchmarks\STADTLER2003\Eplus\instances\LSDM_STADTLER2003_MLCLSP_48_erratic_G502240.xml","SHA256-XML-1:A6B1B5343F99C4BE3A365FD7CC4B096E40C04E9858CC1A6852C21A040FBC57C8","HISTORICAL_ID_REUSED_ACROSS_SUBFAMILIES"
"STADTLER2003","LSDM_STADTLER2003_MLCLSP_48_erratic_G502330","Cplus","STADTLER2003::Cplus::LSDM_STADTLER2003_MLCLSP_48_erratic_G502330","D:\Dev\LotSizingDataModel.Benchmarks\benchmarks\STADTLER2003\Cplus\instances\LSDM_STADTLER2003_MLCLSP_48_erratic_G502330.xml","SHA256-XML-1:220626D141774D26D432CD6398EBABF9E8590740004CD975E23883FEAE112CBA","HISTORICAL_ID_REUSED_ACROSS_SUBFAMILIES"
"STADTLER2003","LSDM_STADTLER2003_MLCLSP_48_erratic_G502330","Eplus","STADTLER2003::Eplus::LSDM_STADTLER2003_MLCLSP_48_erratic_G502330","D:\Dev\LotSizingDataModel.Benchmarks\benchmarks\STADTLER2003\Eplus\instances\LSDM_STADTLER2003_MLCLSP_48_erratic_G502330.xml","SHA256-XML-1:E9C478CB6B71449BA9FAAF623C15E7FAE0F53F2CA0A01B05FEBC20FDCE77A30A","HISTORICAL_ID_REUSED_ACROSS_SUBFAMILIES"
"STADTLER2003","LSDM_STADTLER2003_MLCLSP_48_erratic_G502340","Cplus","STADTLER2003::Cplus::LSDM_STADTLER2003_MLCLSP_48_erratic_G502340","D:\Dev\LotSizingDataModel.Benchmarks\benchmarks\STADTLER2003\Cplus\instances\LSDM_STADTLER2003_MLCLSP_48_erratic_G502340.xml","SHA256-XML-1:14D5D0EA3DDFA53EBBA9C136AA3FB61B4ED0F480EC7888748FD9411BD411FC23","HISTORICAL_ID_REUSED_ACROSS_SUBFAMILIES"
"STADTLER2003","LSDM_STADTLER2003_MLCLSP_48_erratic_G502340","Eplus","STADTLER2003::Eplus::LSDM_STADTLER2003_MLCLSP_48_erratic_G502340","D:\Dev\LotSizingDataModel.Benchmarks\benchmarks\STADTLER2003\Eplus\instances\LSDM_STADTLER2003_MLCLSP_48_erratic_G502340.xml","SHA256-XML-1:2F9BEEEC554C24E898BC42D4298061E7F3C4CE50336E878E60CD2B8D6DAAA42E","HISTORICAL_ID_REUSED_ACROSS_SUBFAMILIES"
"STADTLER2003","LSDM_STADTLER2003_MLCLSP_48_erratic_G502430","Cplus","STADTLER2003::Cplus::LSDM_STADTLER2003_MLCLSP_48_erratic_G502430","D:\Dev\LotSizingDataModel.Benchmarks\benchmarks\STADTLER2003\Cplus\instances\LSDM_STADTLER2003_MLCLSP_48_erratic_G502430.xml","SHA256-XML-1:C497D9606290986748BD0CD0F280D6B7D8B2763197F6C95FD37D844281E20798","HISTORICAL_ID_REUSED_ACROSS_SUBFAMILIES"
"STADTLER2003","LSDM_STADTLER2003_MLCLSP_48_erratic_G502430","Eplus","STADTLER2003::Eplus::LSDM_STADTLER2003_MLCLSP_48_erratic_G502430","D:\Dev\LotSizingDataModel.Benchmarks\benchmarks\STADTLER2003\Eplus\instances\LSDM_STADTLER2003_MLCLSP_48_erratic_G502430.xml","SHA256-XML-1:2920A1610CEAA310BBC1E554A625B317809BC8244AFFB159EF2A6D166C0A4A83","HISTORICAL_ID_REUSED_ACROSS_SUBFAMILIES"
"STADTLER2003","LSDM_STADTLER2003_MLCLSP_48_erratic_G502440","Cplus","STADTLER2003::Cplus::LSDM_STADTLER2003_MLCLSP_48_erratic_G502440","D:\Dev\LotSizingDataModel.Benchmarks\benchmarks\STADTLER2003\Cplus\instances\LSDM_STADTLER2003_MLCLSP_48_erratic_G502440.xml","SHA256-XML-1:4C3523503AD6905FB499A3527309AB46AD4B09A1493B183FE7EFC6F5DB1E2A06","HISTORICAL_ID_REUSED_ACROSS_SUBFAMILIES"
"STADTLER2003","LSDM_STADTLER2003_MLCLSP_48_erratic_G502440","Eplus","STADTLER2003::Eplus::LSDM_STADTLER2003_MLCLSP_48_erratic_G502440","D:\Dev\LotSizingDataModel.Benchmarks\benchmarks\STADTLER2003\Eplus\instances\LSDM_STADTLER2003_MLCLSP_48_erratic_G502440.xml","SHA256-XML-1:EBBDD1BDE8F40E011C9D2F950C6E7F88A96838ECCD9DCB4838BC68DA0316CFEF","HISTORICAL_ID_REUSED_ACROSS_SUBFAMILIES"
"STADTLER2003","LSDM_STADTLER2003_MLCLSP_48_erratic_G502530","Cplus","STADTLER2003::Cplus::LSDM_STADTLER2003_MLCLSP_48_erratic_G502530","D:\Dev\LotSizingDataModel.Benchmarks\benchmarks\STADTLER2003\Cplus\instances\LSDM_STADTLER2003_MLCLSP_48_erratic_G502530.xml","SHA256-XML-1:BC6BC03FD4D1FF46A65F78B7C3542E0BBCF515047226BA345A2B89ED8E8FD07B","HISTORICAL_ID_REUSED_ACROSS_SUBFAMILIES"
"STADTLER2003","LSDM_STADTLER2003_MLCLSP_48_erratic_G502530","Eplus","STADTLER2003::Eplus::LSDM_STADTLER2003_MLCLSP_48_erratic_G502530","D:\Dev\LotSizingDataModel.Benchmarks\benchmarks\STADTLER2003\Eplus\instances\LSDM_STADTLER2003_MLCLSP_48_erratic_G502530.xml","SHA256-XML-1:EEF3636D00C92A46D8B729C8F88E191B3688C76CB3FF640D81D092F4F9437EE5","HISTORICAL_ID_REUSED_ACROSS_SUBFAMILIES"
"STADTLER2003","LSDM_STADTLER2003_MLCLSP_48_erratic_G502540","Cplus","STADTLER2003::Cplus::LSDM_STADTLER2003_MLCLSP_48_erratic_G502540","D:\Dev\LotSizingDataModel.Benchmarks\benchmarks\STADTLER2003\Cplus\instances\LSDM_STADTLER2003_MLCLSP_48_erratic_G502540.xml","SHA256-XML-1:1F7538FF0D53EDB2CC08D9B7D328954DB4117EE1CB7E1DE4C688AC83686C7A33","HISTORICAL_ID_REUSED_ACROSS_SUBFAMILIES"
"STADTLER2003","LSDM_STADTLER2003_MLCLSP_48_erratic_G502540","Eplus","STADTLER2003::Eplus::LSDM_STADTLER2003_MLCLSP_48_erratic_G502540","D:\Dev\LotSizingDataModel.Benchmarks\benchmarks\STADTLER2003\Eplus\instances\LSDM_STADTLER2003_MLCLSP_48_erratic_G502540.xml","SHA256-XML-1:A74202BBA25FA39C200DF1E6ABAFA9FF2F5B5E0CE116DAB2370C29CB82B26781","HISTORICAL_ID_REUSED_ACROSS_SUBFAMILIES"
