index	candidate_key	source_file	instance_id	known_result_id	execution	validation	errors	warnings	violated_constraints	reported_objective	recomputed_objective	failure_type	failure_message
0	LSDM_DJ2000_MLLP_12_unknown_ph1in01st1de1mh0ms0.xml::knownResult[000000]::solver-4fb74dc1-a084-4aa2-9471-5e55bbbfd8cc	LSDM_DJ2000_MLLP_12_unknown_ph1in01st1de1mh0ms0.xml	DJ-1	solver-4fb74dc1-a084-4aa2-9471-5e55bbbfd8cc	completed	valid	0	0	0	336.54787499999998	336.54787500000003		
1	LSDM_DJ2000_MLLP_12_unknown_ph1in02st2de1mh0ms0.xml::knownResult[000000]::solver-15529eb2-23e1-4ccb-81f1-94dd7b8e18e5	LSDM_DJ2000_MLLP_12_unknown_ph1in02st2de1mh0ms0.xml	DJ-2	solver-15529eb2-23e1-4ccb-81f1-94dd7b8e18e5	completed	valid	0	0	0	580.60249999999985	580.60249999999996		
2	LSDM_DJ2000_MLLP_12_unknown_ph1in03st3de1mh0ms0.xml::knownResult[000000]::solver-84a1d585-0345-49d9-aa2f-a6d389ba849b	LSDM_DJ2000_MLLP_12_unknown_ph1in03st3de1mh0ms0.xml	DJ-3	solver-84a1d585-0345-49d9-aa2f-a6d389ba849b	completed	valid	0	0	0	785.20000000000027	785.20000000000005		
3	LSDM_DJ2000_MLLP_12_unknown_ph1in04st4de1mh0ms0.xml::knownResult[000000]::solver-ffb21158-c7aa-4a9d-b79f-dd3a01c13349	LSDM_DJ2000_MLLP_12_unknown_ph1in04st4de1mh0ms0.xml	DJ-4	solver-ffb21158-c7aa-4a9d-b79f-dd3a01c13349	completed	valid	0	0	0	984.5	984.5		
4	LSDM_DJ2000_MLLP_12_unknown_ph1in05st1de2mh0ms0.xml::knownResult[000000]::solver-451c4099-7550-44f3-892f-95d93e48267e	LSDM_DJ2000_MLLP_12_unknown_ph1in05st1de2mh0ms0.xml	DJ-5	solver-451c4099-7550-44f3-892f-95d93e48267e	completed	valid	0	0	0	342.61040000000003	342.61040000000003		
5	LSDM_DJ2000_MLLP_12_unknown_ph1in06st2de2mh0ms0.xml::knownResult[000000]::solver-32a599f3-23e4-46d3-ae48-27570a665948	LSDM_DJ2000_MLLP_12_unknown_ph1in06st2de2mh0ms0.xml	DJ-6	solver-32a599f3-23e4-46d3-ae48-27570a665948	completed	valid	0	0	0	592.62849999999935	592.62849999999992		
6	LSDM_DJ2000_MLLP_12_unknown_ph1in07st3de2mh0ms0.xml::knownResult[000000]::solver-a15bae03-0cfc-4c4b-8c37-efebcd93b04c	LSDM_DJ2000_MLLP_12_unknown_ph1in07st3de2mh0ms0.xml	DJ-7	solver-a15bae03-0cfc-4c4b-8c37-efebcd93b04c	completed	valid	0	0	0	802.16000000000008	802.15999999999997		
7	LSDM_DJ2000_MLLP_12_unknown_ph1in08st4de2mh0ms0.xml::knownResult[000000]::solver-e863773d-0649-4907-af5c-e1230675afd0	LSDM_DJ2000_MLLP_12_unknown_ph1in08st4de2mh0ms0.xml	DJ-8	solver-e863773d-0649-4907-af5c-e1230675afd0	completed	valid	0	0	0	1007.5999999999992	1007.6		
8	LSDM_DJ2000_MLLP_12_unknown_ph1in09st1de3mh0ms0.xml::knownResult[000000]::solver-10efb393-bcf8-4226-ba62-6f3f9a6c5db6	LSDM_DJ2000_MLLP_12_unknown_ph1in09st1de3mh0ms0.xml	DJ-9	solver-10efb393-bcf8-4226-ba62-6f3f9a6c5db6	completed	valid	0	0	0	324.08187500000003	324.08187500000003		
9	LSDM_DJ2000_MLLP_12_unknown_ph1in10st2de3mh0ms0.xml::knownResult[000000]::solver-b8a69b28-efd8-486b-9378-c4bfad1d7984	LSDM_DJ2000_MLLP_12_unknown_ph1in10st2de3mh0ms0.xml	DJ-10	solver-b8a69b28-efd8-486b-9378-c4bfad1d7984	completed	valid	0	0	0	552.76249999999993	552.76250000000005		
10	LSDM_DJ2000_MLLP_12_unknown_ph1in11st3de3mh0ms0.xml::knownResult[000000]::solver-2e0b2d15-8353-456e-aa76-8f472e8b8c68	LSDM_DJ2000_MLLP_12_unknown_ph1in11st3de3mh0ms0.xml	DJ-11	solver-2e0b2d15-8353-456e-aa76-8f472e8b8c68	completed	valid	0	0	0	748.40000000000032	748.40000000000009		
11	LSDM_DJ2000_MLLP_12_unknown_ph1in12st4de3mh0ms0.xml::knownResult[000000]::solver-9496951f-ae10-44ab-a4be-1c7633c207d4	LSDM_DJ2000_MLLP_12_unknown_ph1in12st4de3mh0ms0.xml	DJ-12	solver-9496951f-ae10-44ab-a4be-1c7633c207d4	completed	valid	0	0	0	928.40000000000043	928.40000000000009		
12	LSDM_DJ2000_MLLP_12_unknown_ph1in13st1de4mh0ms0.xml::knownResult[000000]::solver-04b6d251-b845-4147-a294-ad22f996b10e	LSDM_DJ2000_MLLP_12_unknown_ph1in13st1de4mh0ms0.xml	DJ-13	solver-04b6d251-b845-4147-a294-ad22f996b10e	completed	valid	0	0	0	344.57012499999996	344.57012500000008		
13	LSDM_DJ2000_MLLP_12_unknown_ph1in14st2de4mh0ms0.xml::knownResult[000000]::solver-7f39ab09-bf0a-4358-9c7f-678cd72126a6	LSDM_DJ2000_MLLP_12_unknown_ph1in14st2de4mh0ms0.xml	DJ-14	solver-7f39ab09-bf0a-4358-9c7f-678cd72126a6	completed	valid	0	0	0	572.72749999999996	572.72749999999996		
14	LSDM_DJ2000_MLLP_12_unknown_ph1in15st3de4mh0ms0.xml::knownResult[000000]::solver-409a7246-607b-46a7-9738-9b0d020bb2c4	LSDM_DJ2000_MLLP_12_unknown_ph1in15st3de4mh0ms0.xml	DJ-15	solver-409a7246-607b-46a7-9738-9b0d020bb2c4	completed	valid	0	0	0	776.16000000000008	776.15999999999985		
15	LSDM_DJ2000_MLLP_12_unknown_ph1in16st4de4mh0ms0.xml::knownResult[000000]::solver-6f8beb61-5604-48a9-99cb-33a86e63a93a	LSDM_DJ2000_MLLP_12_unknown_ph1in16st4de4mh0ms0.xml	DJ-16	solver-6f8beb61-5604-48a9-99cb-33a86e63a93a	completed	valid	0	0	0	964.70000000000016	964.70000000000016		
16	LSDM_DJ2000_MLLP_12_unknown_ph1in17st1de5mh0ms0.xml::knownResult[000000]::solver-db9e6ee6-45f6-40bc-b56f-8357ec23f7cd	LSDM_DJ2000_MLLP_12_unknown_ph1in17st1de5mh0ms0.xml	DJ-17	solver-db9e6ee6-45f6-40bc-b56f-8357ec23f7cd	completed	valid	0	0	0	306.18034999999998	306.18034999999992		
17	LSDM_DJ2000_MLLP_12_unknown_ph1in18st2de5mh0ms0.xml::knownResult[000000]::solver-1069a217-08e5-4662-86f4-4aeda79dd034	LSDM_DJ2000_MLLP_12_unknown_ph1in18st2de5mh0ms0.xml	DJ-18	solver-1069a217-08e5-4662-86f4-4aeda79dd034	completed	valid	0	0	0	523.66200000000003	523.66200000000003		
18	LSDM_DJ2000_MLLP_12_unknown_ph1in19st3de5mh0ms0.xml::knownResult[000000]::solver-858cce02-55b1-4ec4-b0c2-5a2c90325ae4	LSDM_DJ2000_MLLP_12_unknown_ph1in19st3de5mh0ms0.xml	DJ-19	solver-858cce02-55b1-4ec4-b0c2-5a2c90325ae4	completed	valid	0	0	0	706.47999999999979	706.48000000000002		
19	LSDM_DJ2000_MLLP_12_unknown_ph1in20st4de5mh0ms0.xml::knownResult[000000]::solver-2a236747-5988-46eb-bc51-9d661c37107f	LSDM_DJ2000_MLLP_12_unknown_ph1in20st4de5mh0ms0.xml	DJ-20	solver-2a236747-5988-46eb-bc51-9d661c37107f	completed	valid	0	0	0	875.59999999999923	875.60000000000002		
20	LSDM_DJ2000_MLLP_12_unknown_ph1in21st1de6mh0ms0.xml::knownResult[000000]::solver-5b37952f-0886-4c84-8f83-6231e78a53a6	LSDM_DJ2000_MLLP_12_unknown_ph1in21st1de6mh0ms0.xml	DJ-21	solver-5b37952f-0886-4c84-8f83-6231e78a53a6	completed	valid	0	0	0	268.058425	268.05842499999994		
21	LSDM_DJ2000_MLLP_12_unknown_ph1in22st2de6mh0ms0.xml::knownResult[000000]::solver-77858620-4ed3-4c54-b62b-91d031e99ecf	LSDM_DJ2000_MLLP_12_unknown_ph1in22st2de6mh0ms0.xml	DJ-22	solver-77858620-4ed3-4c54-b62b-91d031e99ecf	completed	valid	0	0	0	452.05450000000002	452.05449999999996		
22	LSDM_DJ2000_MLLP_12_unknown_ph1in23st3de6mh0ms0.xml::knownResult[000000]::solver-5f429016-a0da-4e52-a2a7-0c70e57ddb85	LSDM_DJ2000_MLLP_12_unknown_ph1in23st3de6mh0ms0.xml	DJ-23	solver-5f429016-a0da-4e52-a2a7-0c70e57ddb85	completed	valid	0	0	0	614.32000000000005	614.32000000000005		
23	LSDM_DJ2000_MLLP_12_unknown_ph1in24st4de6mh0ms0.xml::knownResult[000000]::solver-b524102c-0330-41bb-bb43-942b9da9b816	LSDM_DJ2000_MLLP_12_unknown_ph1in24st4de6mh0ms0.xml	DJ-24	solver-b524102c-0330-41bb-bb43-942b9da9b816	completed	valid	0	0	0	764.5	764.5		
24	LSDM_DJ2000_MLLP_12_unknown_ph1in25st1de1mh1ms0.xml::knownResult[000000]::solver-c74eda3d-b2c7-4e8c-9c20-c725f712baee	LSDM_DJ2000_MLLP_12_unknown_ph1in25st1de1mh1ms0.xml	DJ-25	solver-c74eda3d-b2c7-4e8c-9c20-c725f712baee	completed	valid	0	0	0	501.25999999999999	501.25999999999999		
25	LSDM_DJ2000_MLLP_12_unknown_ph1in26st2de1mh1ms0.xml::knownResult[000000]::solver-ba9866b5-b167-4630-964f-6e0b794c0ef2	LSDM_DJ2000_MLLP_12_unknown_ph1in26st2de1mh1ms0.xml	DJ-26	solver-ba9866b5-b167-4630-964f-6e0b794c0ef2	completed	valid	0	0	0	759.40000000000009	759.39999999999998		
26	LSDM_DJ2000_MLLP_12_unknown_ph1in27st3de1mh1ms0.xml::knownResult[000000]::solver-cdbd5251-3f01-4a4e-a929-1bd4f0f74b56	LSDM_DJ2000_MLLP_12_unknown_ph1in27st3de1mh1ms0.xml	DJ-27	solver-cdbd5251-3f01-4a4e-a929-1bd4f0f74b56	completed	valid	0	0	0	944.75	944.75		
27	LSDM_DJ2000_MLLP_12_unknown_ph1in28st4de1mh1ms0.xml::knownResult[000000]::solver-97aeb916-c723-4571-9528-3c6cdb2a9fea	LSDM_DJ2000_MLLP_12_unknown_ph1in28st4de1mh1ms0.xml	DJ-28	solver-97aeb916-c723-4571-9528-3c6cdb2a9fea	completed	valid	0	0	0	1115	1115		
28	LSDM_DJ2000_MLLP_12_unknown_ph1in29st1de2mh1ms0.xml::knownResult[000000]::solver-1562e07f-c8c7-4663-ad88-34ea3cef8dfe	LSDM_DJ2000_MLLP_12_unknown_ph1in29st1de2mh1ms0.xml	DJ-29	solver-1562e07f-c8c7-4663-ad88-34ea3cef8dfe	completed	valid	0	0	0	501.75999999999999	501.75999999999999		
29	LSDM_DJ2000_MLLP_12_unknown_ph1in30st2de2mh1ms0.xml::knownResult[000000]::solver-429e3c48-7db7-48af-85d7-e38ad7c7b022	LSDM_DJ2000_MLLP_12_unknown_ph1in30st2de2mh1ms0.xml	DJ-30	solver-429e3c48-7db7-48af-85d7-e38ad7c7b022	completed	valid	0	0	0	765.39999999999998	765.39999999999998		
30	LSDM_DJ2000_MLLP_12_unknown_ph1in31st3de2mh1ms0.xml::knownResult[000000]::solver-b946a882-7c01-4ec1-a140-b39d9c15f592	LSDM_DJ2000_MLLP_12_unknown_ph1in31st3de2mh1ms0.xml	DJ-31	solver-b946a882-7c01-4ec1-a140-b39d9c15f592	completed	valid	0	0	0	956	956		
31	LSDM_DJ2000_MLLP_12_unknown_ph1in32st4de2mh1ms0.xml::knownResult[000000]::solver-9eeb220e-48c3-4cee-9ca7-d84f5d4276db	LSDM_DJ2000_MLLP_12_unknown_ph1in32st4de2mh1ms0.xml	DJ-32	solver-9eeb220e-48c3-4cee-9ca7-d84f5d4276db	completed	valid	0	0	0	1121.9999999999998	1122		
32	LSDM_DJ2000_MLLP_12_unknown_ph1in33st1de3mh1ms0.xml::knownResult[000000]::solver-4d6b9d09-0c84-44fd-8579-38a346393b00	LSDM_DJ2000_MLLP_12_unknown_ph1in33st1de3mh1ms0.xml	DJ-33	solver-4d6b9d09-0c84-44fd-8579-38a346393b00	completed	valid	0	0	0	442.60000000000002	442.60000000000002		
33	LSDM_DJ2000_MLLP_12_unknown_ph1in34st2de3mh1ms0.xml::knownResult[000000]::solver-63f138b7-73ec-4474-b2ff-ed7d2cb66f24	LSDM_DJ2000_MLLP_12_unknown_ph1in34st2de3mh1ms0.xml	DJ-34	solver-63f138b7-73ec-4474-b2ff-ed7d2cb66f24	completed	valid	0	0	0	670.49999999999977	670.5		
34	LSDM_DJ2000_MLLP_12_unknown_ph1in35st3de3mh1ms0.xml::knownResult[000000]::solver-8a4021e1-2180-4e14-9f01-383a927ee88d	LSDM_DJ2000_MLLP_12_unknown_ph1in35st3de3mh1ms0.xml	DJ-35	solver-8a4021e1-2180-4e14-9f01-383a927ee88d	completed	valid	0	0	0	850	850		
35	LSDM_DJ2000_MLLP_12_unknown_ph1in36st4de3mh1ms0.xml::knownResult[000000]::solver-0e7d56d4-538f-4bd4-9c35-4d82e44ab4c9	LSDM_DJ2000_MLLP_12_unknown_ph1in36st4de3mh1ms0.xml	DJ-36	solver-0e7d56d4-538f-4bd4-9c35-4d82e44ab4c9	completed	valid	0	0	0	1017.0000000000013	1017		
36	LSDM_DJ2000_MLLP_12_unknown_ph1in37st1de4mh1ms0.xml::knownResult[000000]::solver-61bc6398-5743-4107-939f-a2898c3779d3	LSDM_DJ2000_MLLP_12_unknown_ph1in37st1de4mh1ms0.xml	DJ-37	solver-61bc6398-5743-4107-939f-a2898c3779d3	completed	valid	0	0	0	452.10000000000002	452.10000000000002		
37	LSDM_DJ2000_MLLP_12_unknown_ph1in38st2de4mh1ms0.xml::knownResult[000000]::solver-15429779-d518-4cc6-b9ae-940e26f8eaed	LSDM_DJ2000_MLLP_12_unknown_ph1in38st2de4mh1ms0.xml	DJ-38	solver-15429779-d518-4cc6-b9ae-940e26f8eaed	completed	valid	0	0	0	687	687		
38	LSDM_DJ2000_MLLP_12_unknown_ph1in39st3de4mh1ms0.xml::knownResult[000000]::solver-f07ce53f-88b8-4123-ae07-25034f5ea16f	LSDM_DJ2000_MLLP_12_unknown_ph1in39st3de4mh1ms0.xml	DJ-39	solver-f07ce53f-88b8-4123-ae07-25034f5ea16f	completed	valid	0	0	0	874.75	874.75		
39	LSDM_DJ2000_MLLP_12_unknown_ph1in40st4de4mh1ms0.xml::knownResult[000000]::solver-b477bba6-9df9-40ad-9bb6-08ef78cf71d1	LSDM_DJ2000_MLLP_12_unknown_ph1in40st4de4mh1ms0.xml	DJ-40	solver-b477bba6-9df9-40ad-9bb6-08ef78cf71d1	completed	valid	0	0	0	1045	1045		
40	LSDM_DJ2000_MLLP_12_unknown_ph1in41st1de5mh1ms0.xml::knownResult[000000]::solver-f79f10f7-eb87-477a-b763-4d270d7dd271	LSDM_DJ2000_MLLP_12_unknown_ph1in41st1de5mh1ms0.xml	DJ-41	solver-f79f10f7-eb87-477a-b763-4d270d7dd271	completed	valid	0	0	0	421.08000000000004	421.08000000000004		
41	LSDM_DJ2000_MLLP_12_unknown_ph1in42st2de5mh1ms0.xml::knownResult[000000]::solver-038db140-15d6-4d8e-9c5b-9a051903c319	LSDM_DJ2000_MLLP_12_unknown_ph1in42st2de5mh1ms0.xml	DJ-42	solver-038db140-15d6-4d8e-9c5b-9a051903c319	completed	valid	0	0	0	644.20000000000005	644.20000000000005		
42	LSDM_DJ2000_MLLP_12_unknown_ph1in43st3de5mh1ms0.xml::knownResult[000000]::solver-eff024c4-0755-4274-821d-14a3f911abd9	LSDM_DJ2000_MLLP_12_unknown_ph1in43st3de5mh1ms0.xml	DJ-43	solver-eff024c4-0755-4274-821d-14a3f911abd9	completed	valid	0	0	0	810.5	810.5		
43	LSDM_DJ2000_MLLP_12_unknown_ph1in44st4de5mh1ms0.xml::knownResult[000000]::solver-a6249c72-ca80-43c4-9c12-c1841ec97cea	LSDM_DJ2000_MLLP_12_unknown_ph1in44st4de5mh1ms0.xml	DJ-44	solver-a6249c72-ca80-43c4-9c12-c1841ec97cea	completed	valid	0	0	0	949.99999999999989	950		
44	LSDM_DJ2000_MLLP_12_unknown_ph1in45st1de6mh1ms0.xml::knownResult[000000]::solver-2e8be397-d057-4cbd-b82d-b43c5443f53d	LSDM_DJ2000_MLLP_12_unknown_ph1in45st1de6mh1ms0.xml	DJ-45	solver-2e8be397-d057-4cbd-b82d-b43c5443f53d	completed	valid	0	0	0	377.68000000000001	377.68000000000001		
45	LSDM_DJ2000_MLLP_12_unknown_ph1in46st2de6mh1ms0.xml::knownResult[000000]::solver-40e67dd5-cfbf-4049-9681-2f6f22eb13cf	LSDM_DJ2000_MLLP_12_unknown_ph1in46st2de6mh1ms0.xml	DJ-46	solver-40e67dd5-cfbf-4049-9681-2f6f22eb13cf	completed	valid	0	0	0	571.20000000000005	571.20000000000005		
46	LSDM_DJ2000_MLLP_12_unknown_ph1in47st3de6mh1ms0.xml::knownResult[000000]::solver-fb19cadf-ae5f-4a9d-87d1-9b4cdb6bb721	LSDM_DJ2000_MLLP_12_unknown_ph1in47st3de6mh1ms0.xml	DJ-47	solver-fb19cadf-ae5f-4a9d-87d1-9b4cdb6bb721	completed	valid	0	0	0	711.25	711.25		
47	LSDM_DJ2000_MLLP_12_unknown_ph1in48st4de6mh1ms0.xml::knownResult[000000]::solver-888f30b8-6152-49d7-b695-d3bfea347296	LSDM_DJ2000_MLLP_12_unknown_ph1in48st4de6mh1ms0.xml	DJ-48	solver-888f30b8-6152-49d7-b695-d3bfea347296	completed	valid	0	0	0	832	832		
48	LSDM_DJ2000_MLLP_12_unknown_ph1in49st1de1mh0ms1.xml::knownResult[000000]::solver-b4cfd9d6-f798-4225-976c-15723b9cf839	LSDM_DJ2000_MLLP_12_unknown_ph1in49st1de1mh0ms1.xml	DJ-49	solver-b4cfd9d6-f798-4225-976c-15723b9cf839	completed	valid	0	0	0	517.34237499999995	517.34237499999995		
49	LSDM_DJ2000_MLLP_12_unknown_ph1in50st2de1mh0ms1.xml::knownResult[000000]::solver-fe9d3b64-21a2-48cf-bf40-2e5488609241	LSDM_DJ2000_MLLP_12_unknown_ph1in50st2de1mh0ms1.xml	DJ-50	solver-fe9d3b64-21a2-48cf-bf40-2e5488609241	completed	valid	0	0	0	724.62249999999995	724.62249999999983		
50	LSDM_DJ2000_MLLP_12_unknown_ph1in51st3de1mh0ms1.xml::knownResult[000000]::solver-2ded0907-057f-4726-9d13-094b9d6188b1	LSDM_DJ2000_MLLP_12_unknown_ph1in51st3de1mh0ms1.xml	DJ-51	solver-2ded0907-057f-4726-9d13-094b9d6188b1	completed	valid	0	0	0	879.59999999999877	879.60000000000002		
51	LSDM_DJ2000_MLLP_12_unknown_ph1in52st4de1mh0ms1.xml::knownResult[000000]::solver-bc4adb79-f602-4ed6-b3f3-02dd65181615	LSDM_DJ2000_MLLP_12_unknown_ph1in52st4de1mh0ms1.xml	DJ-52	solver-bc4adb79-f602-4ed6-b3f3-02dd65181615	completed	valid	0	0	0	1024.4999999999998	1024.5		
52	LSDM_DJ2000_MLLP_12_unknown_ph1in53st1de2mh0ms1.xml::knownResult[000000]::solver-05050838-005e-4c8d-a9d3-495ed374a10b	LSDM_DJ2000_MLLP_12_unknown_ph1in53st1de2mh0ms1.xml	DJ-53	solver-05050838-005e-4c8d-a9d3-495ed374a10b	completed	valid	0	0	0	525.39492500000006	525.39492499999994		
53	LSDM_DJ2000_MLLP_12_unknown_ph1in54st2de2mh0ms1.xml::knownResult[000000]::solver-90daa0c8-09fe-4f77-bfd5-e3d310b30b1a	LSDM_DJ2000_MLLP_12_unknown_ph1in54st2de2mh0ms1.xml	DJ-54	solver-90daa0c8-09fe-4f77-bfd5-e3d310b30b1a	completed	valid	0	0	0	739.26349999999991	739.26349999999991		
54	LSDM_DJ2000_MLLP_12_unknown_ph1in55st3de2mh0ms1.xml::knownResult[000000]::solver-39cf470b-872d-4350-96b3-5cb0d0fb04e8	LSDM_DJ2000_MLLP_12_unknown_ph1in55st3de2mh0ms1.xml	DJ-55	solver-39cf470b-872d-4350-96b3-5cb0d0fb04e8	completed	valid	0	0	0	898.95999999999992	898.96000000000015		
55	LSDM_DJ2000_MLLP_12_unknown_ph1in56st4de2mh0ms1.xml::knownResult[000000]::solver-71eb3815-1364-4a30-b643-da8df7cd64a2	LSDM_DJ2000_MLLP_12_unknown_ph1in56st4de2mh0ms1.xml	DJ-56	solver-71eb3815-1364-4a30-b643-da8df7cd64a2	completed	valid	0	0	0	1048.7	1048.7		
56	LSDM_DJ2000_MLLP_12_unknown_ph1in57st1de3mh0ms1.xml::knownResult[000000]::solver-40e83efd-d889-44e5-81b1-bbc1719320b8	LSDM_DJ2000_MLLP_12_unknown_ph1in57st1de3mh0ms1.xml	DJ-57	solver-40e83efd-d889-44e5-81b1-bbc1719320b8	completed	valid	0	0	0	507.82572500000003	507.82572499999998		
57	LSDM_DJ2000_MLLP_12_unknown_ph1in58st2de3mh0ms1.xml::knownResult[000000]::solver-6b00ebf6-8a5d-4f89-96c6-691b3f39a975	LSDM_DJ2000_MLLP_12_unknown_ph1in58st2de3mh0ms1.xml	DJ-58	solver-6b00ebf6-8a5d-4f89-96c6-691b3f39a975	completed	valid	0	0	0	707.31949999999995	707.31950000000006		
58	LSDM_DJ2000_MLLP_12_unknown_ph1in59st3de3mh0ms1.xml::knownResult[000000]::solver-5ae64e1c-b993-4840-9a59-56656e6793f8	LSDM_DJ2000_MLLP_12_unknown_ph1in59st3de3mh0ms1.xml	DJ-59	solver-5ae64e1c-b993-4840-9a59-56656e6793f8	completed	valid	0	0	0	856.71999999999991	856.72000000000003		
59	LSDM_DJ2000_MLLP_12_unknown_ph1in60st4de3mh0ms1.xml::knownResult[000000]::solver-a979b40d-602d-493b-8754-40ebf20a2040	LSDM_DJ2000_MLLP_12_unknown_ph1in60st4de3mh0ms1.xml	DJ-60	solver-a979b40d-602d-493b-8754-40ebf20a2040	completed	valid	0	0	0	988.39999999999941	988.40000000000009		
60	LSDM_DJ2000_MLLP_12_unknown_ph1in61st1de4mh0ms1.xml::knownResult[000000]::solver-7732f313-4cd6-466b-af12-d47f3ba14e51	LSDM_DJ2000_MLLP_12_unknown_ph1in61st1de4mh0ms1.xml	DJ-61	solver-7732f313-4cd6-466b-af12-d47f3ba14e51	completed	valid	0	0	0	535.27760000000001	535.27760000000001		
61	LSDM_DJ2000_MLLP_12_unknown_ph1in62st2de4mh0ms1.xml::knownResult[000000]::solver-724bf682-9b22-4c77-89b3-b482623079fe	LSDM_DJ2000_MLLP_12_unknown_ph1in62st2de4mh0ms1.xml	DJ-62	solver-724bf682-9b22-4c77-89b3-b482623079fe	completed	valid	0	0	0	757.23199999999997	757.23199999999997		
62	LSDM_DJ2000_MLLP_12_unknown_ph1in63st3de4mh0ms1.xml::knownResult[000000]::solver-f7a06af7-f3ef-4d1b-804f-4f9e9c44c0fe	LSDM_DJ2000_MLLP_12_unknown_ph1in63st3de4mh0ms1.xml	DJ-63	solver-f7a06af7-f3ef-4d1b-804f-4f9e9c44c0fe	completed	valid	0	0	0	909.75999999999999	909.75999999999988		
63	LSDM_DJ2000_MLLP_12_unknown_ph1in64st4de4mh0ms1.xml::knownResult[000000]::solver-fb3d0cc6-1c70-4755-a909-8fe93ada58da	LSDM_DJ2000_MLLP_12_unknown_ph1in64st4de4mh0ms1.xml	DJ-64	solver-fb3d0cc6-1c70-4755-a909-8fe93ada58da	completed	valid	0	0	0	1024.6999999999998	1024.7		
64	LSDM_DJ2000_MLLP_12_unknown_ph1in65st1de5mh0ms1.xml::knownResult[000000]::solver-f8444ed1-8732-4db4-812e-ef9a3c18f74e	LSDM_DJ2000_MLLP_12_unknown_ph1in65st1de5mh0ms1.xml	DJ-65	solver-f8444ed1-8732-4db4-812e-ef9a3c18f74e	completed	valid	0	0	0	488.42639999999994	488.42640000000006		
65	LSDM_DJ2000_MLLP_12_unknown_ph1in66st2de5mh0ms1.xml::knownResult[000000]::solver-c67186f7-38c2-4fc5-a239-4bb6366f3982	LSDM_DJ2000_MLLP_12_unknown_ph1in66st2de5mh0ms1.xml	DJ-66	solver-c67186f7-38c2-4fc5-a239-4bb6366f3982	completed	valid	0	0	0	672.048	672.048		
66	LSDM_DJ2000_MLLP_12_unknown_ph1in67st3de5mh0ms1.xml::knownResult[000000]::solver-303a7c9a-f239-4c1b-9cf9-0e22dc41c281	LSDM_DJ2000_MLLP_12_unknown_ph1in67st3de5mh0ms1.xml	DJ-67	solver-303a7c9a-f239-4c1b-9cf9-0e22dc41c281	completed	valid	0	0	0	810.07999999999993	810.07999999999981		
67	LSDM_DJ2000_MLLP_12_unknown_ph1in68st4de5mh0ms1.xml::knownResult[000000]::solver-3fdfb3aa-fe56-4ccc-a694-b5a0083511dd	LSDM_DJ2000_MLLP_12_unknown_ph1in68st4de5mh0ms1.xml	DJ-68	solver-3fdfb3aa-fe56-4ccc-a694-b5a0083511dd	completed	valid	0	0	0	935.59999999999991	935.60000000000002		
68	LSDM_DJ2000_MLLP_12_unknown_ph1in69st1de6mh0ms1.xml::knownResult[000000]::solver-562d922a-387f-4a69-9cae-c69979588eb5	LSDM_DJ2000_MLLP_12_unknown_ph1in69st1de6mh0ms1.xml	DJ-69	solver-562d922a-387f-4a69-9cae-c69979588eb5	completed	valid	0	0	0	444.13737499999996	444.13737500000002		
69	LSDM_DJ2000_MLLP_12_unknown_ph1in70st2de6mh0ms1.xml::knownResult[000000]::solver-89b8c121-bcca-46bb-90c3-fc9db5a13d28	LSDM_DJ2000_MLLP_12_unknown_ph1in70st2de6mh0ms1.xml	DJ-70	solver-89b8c121-bcca-46bb-90c3-fc9db5a13d28	completed	valid	0	0	0	591.52249999999992	591.52250000000004		
70	LSDM_DJ2000_MLLP_12_unknown_ph1in71st3de6mh0ms1.xml::knownResult[000000]::solver-f25d3a6b-6c83-4808-8186-e09cca8b3565	LSDM_DJ2000_MLLP_12_unknown_ph1in71st3de6mh0ms1.xml	DJ-71	solver-f25d3a6b-6c83-4808-8186-e09cca8b3565	completed	valid	0	0	0	703.59999999999991	703.59999999999991		
71	LSDM_DJ2000_MLLP_12_unknown_ph1in72st4de6mh0ms1.xml::knownResult[000000]::solver-0bb519f0-7eed-4ea1-8e6d-570d9f7fd2e6	LSDM_DJ2000_MLLP_12_unknown_ph1in72st4de6mh0ms1.xml	DJ-72	solver-0bb519f0-7eed-4ea1-8e6d-570d9f7fd2e6	completed	valid	0	0	0	804.49999999999989	804.5		
72	LSDM_DJ2000_MLLP_12_unknown_ph1in73st1de1mh1ms1.xml::knownResult[000000]::solver-b45bec98-a37c-4408-96e4-1ab64b559df5	LSDM_DJ2000_MLLP_12_unknown_ph1in73st1de1mh1ms1.xml	DJ-73	solver-b45bec98-a37c-4408-96e4-1ab64b559df5	completed	valid	0	0	0	1172	1172		
73	LSDM_DJ2000_MLLP_12_unknown_ph1in74st2de1mh1ms1.xml::knownResult[000000]::solver-5839fd16-46fe-49d4-ab85-6f1f3ec1637e	LSDM_DJ2000_MLLP_12_unknown_ph1in74st2de1mh1ms1.xml	DJ-74	solver-5839fd16-46fe-49d4-ab85-6f1f3ec1637e	completed	valid	0	0	0	1317.9999999999998	1318		
74	LSDM_DJ2000_MLLP_12_unknown_ph1in75st3de1mh1ms1.xml::knownResult[000000]::solver-895fe5cf-bb6b-418b-bc16-3cd0f2da3d4d	LSDM_DJ2000_MLLP_12_unknown_ph1in75st3de1mh1ms1.xml	DJ-75	solver-895fe5cf-bb6b-418b-bc16-3cd0f2da3d4d	completed	valid	0	0	0	1268.9999999999998	1269		
75	LSDM_DJ2000_MLLP_12_unknown_ph1in76st4de1mh1ms1.xml::knownResult[000000]::solver-029f1e7a-3cf2-4eb1-ae77-5ab091fdca6c	LSDM_DJ2000_MLLP_12_unknown_ph1in76st4de1mh1ms1.xml	DJ-76	solver-029f1e7a-3cf2-4eb1-ae77-5ab091fdca6c	completed	valid	0	0	0	1250	1250		
76	LSDM_DJ2000_MLLP_12_unknown_ph1in77st1de2mh1ms1.xml::knownResult[000000]::solver-40bbbbb0-4192-4612-8331-1afb4ee9412b	LSDM_DJ2000_MLLP_12_unknown_ph1in77st1de2mh1ms1.xml	DJ-77	solver-40bbbbb0-4192-4612-8331-1afb4ee9412b	completed	valid	0	0	0	1153.52	1153.52		
77	LSDM_DJ2000_MLLP_12_unknown_ph1in78st2de2mh1ms1.xml::knownResult[000000]::solver-e2d2a17b-0612-410f-8a0a-9bb378afdd3d	LSDM_DJ2000_MLLP_12_unknown_ph1in78st2de2mh1ms1.xml	DJ-78	solver-e2d2a17b-0612-410f-8a0a-9bb378afdd3d	completed	valid	0	0	0	1302.4000000000001	1302.4000000000001		
78	LSDM_DJ2000_MLLP_12_unknown_ph1in79st3de2mh1ms1.xml::knownResult[000000]::solver-cff57e60-547c-4c33-9104-a1928c722890	LSDM_DJ2000_MLLP_12_unknown_ph1in79st3de2mh1ms1.xml	DJ-79	solver-cff57e60-547c-4c33-9104-a1928c722890	completed	valid	0	0	0	1257.4999999999984	1257.5		
79	LSDM_DJ2000_MLLP_12_unknown_ph1in80st4de2mh1ms1.xml::knownResult[000000]::solver-1b94f52d-2362-487b-b684-f5091f787778	LSDM_DJ2000_MLLP_12_unknown_ph1in80st4de2mh1ms1.xml	DJ-80	solver-1b94f52d-2362-487b-b684-f5091f787778	completed	valid	0	0	0	1261.9999999999995	1262		
80	LSDM_DJ2000_MLLP_12_unknown_ph1in81st1de3mh1ms1.xml::knownResult[000000]::solver-aef73d32-9ce4-4633-8e91-56cd5dbbad3d	LSDM_DJ2000_MLLP_12_unknown_ph1in81st1de3mh1ms1.xml	DJ-81	solver-aef73d32-9ce4-4633-8e91-56cd5dbbad3d	completed	valid	0	0	0	984.91999999999985	984.92000000000007		
81	LSDM_DJ2000_MLLP_12_unknown_ph1in82st2de3mh1ms1.xml::knownResult[000000]::solver-48fc5d72-6be7-425d-b12e-0ae9b269a260	LSDM_DJ2000_MLLP_12_unknown_ph1in82st2de3mh1ms1.xml	DJ-82	solver-48fc5d72-6be7-425d-b12e-0ae9b269a260	completed	valid	0	0	0	1131.3999999999999	1131.4000000000001		
82	LSDM_DJ2000_MLLP_12_unknown_ph1in83st3de3mh1ms1.xml::knownResult[000000]::solver-67bd9a01-4752-42fe-badc-2a6572fda2c9	LSDM_DJ2000_MLLP_12_unknown_ph1in83st3de3mh1ms1.xml	DJ-83	solver-67bd9a01-4752-42fe-badc-2a6572fda2c9	completed	valid	0	0	0	1121.25	1121.25		
83	LSDM_DJ2000_MLLP_12_unknown_ph1in84st4de3mh1ms1.xml::knownResult[000000]::solver-581e0cc8-2644-4057-965e-82223ce670ff	LSDM_DJ2000_MLLP_12_unknown_ph1in84st4de3mh1ms1.xml	DJ-84	solver-581e0cc8-2644-4057-965e-82223ce670ff	completed	valid	0	0	0	1129	1129		
84	LSDM_DJ2000_MLLP_12_unknown_ph1in85st1de4mh1ms1.xml::knownResult[000000]::solver-35d1110a-fd82-438e-8458-2e200bb3be25	LSDM_DJ2000_MLLP_12_unknown_ph1in85st1de4mh1ms1.xml	DJ-85	solver-35d1110a-fd82-438e-8458-2e200bb3be25	completed	valid	0	0	0	1001.4399999999998	1001.4400000000001		
85	LSDM_DJ2000_MLLP_12_unknown_ph1in86st2de4mh1ms1.xml::knownResult[000000]::solver-6f08faa2-b558-4d7c-a491-0c4dbda8d2c3	LSDM_DJ2000_MLLP_12_unknown_ph1in86st2de4mh1ms1.xml	DJ-86	solver-6f08faa2-b558-4d7c-a491-0c4dbda8d2c3	completed	valid	0	0	0	1146.8000000000004	1146.8		
86	LSDM_DJ2000_MLLP_12_unknown_ph1in87st3de4mh1ms1.xml::knownResult[000000]::solver-2733c4a4-449d-4d8c-98c4-21b1a39ad55c	LSDM_DJ2000_MLLP_12_unknown_ph1in87st3de4mh1ms1.xml	DJ-87	solver-2733c4a4-449d-4d8c-98c4-21b1a39ad55c	completed	valid	0	0	0	1149.4999999999998	1149.5		
87	LSDM_DJ2000_MLLP_12_unknown_ph1in88st4de4mh1ms1.xml::knownResult[000000]::solver-d7139087-dc14-43aa-82a2-f00648447f18	LSDM_DJ2000_MLLP_12_unknown_ph1in88st4de4mh1ms1.xml	DJ-88	solver-d7139087-dc14-43aa-82a2-f00648447f18	completed	valid	0	0	0	1161.9999999999998	1162		
88	LSDM_DJ2000_MLLP_12_unknown_ph1in89st1de5mh1ms1.xml::knownResult[000000]::solver-d341c203-4064-46b1-8af7-fecb01b32295	LSDM_DJ2000_MLLP_12_unknown_ph1in89st1de5mh1ms1.xml	DJ-89	solver-d341c203-4064-46b1-8af7-fecb01b32295	completed	valid	0	0	0	932.95999999999981	932.96000000000004		
89	LSDM_DJ2000_MLLP_12_unknown_ph1in90st2de5mh1ms1.xml::knownResult[000000]::solver-1029d72e-2a47-419c-b8bf-f5293decfcda	LSDM_DJ2000_MLLP_12_unknown_ph1in90st2de5mh1ms1.xml	DJ-90	solver-1029d72e-2a47-419c-b8bf-f5293decfcda	completed	valid	0	0	0	1061.2000000000003	1061.2		
90	LSDM_DJ2000_MLLP_12_unknown_ph1in91st3de5mh1ms1.xml::knownResult[000000]::solver-dc7afd49-4e7f-4b53-9f1a-f296169794ba	LSDM_DJ2000_MLLP_12_unknown_ph1in91st3de5mh1ms1.xml	DJ-91	solver-dc7afd49-4e7f-4b53-9f1a-f296169794ba	completed	valid	0	0	0	1049.5	1049.5		
91	LSDM_DJ2000_MLLP_12_unknown_ph1in92st4de5mh1ms1.xml::knownResult[000000]::solver-872a0909-926b-4f04-939f-f976958c8b0b	LSDM_DJ2000_MLLP_12_unknown_ph1in92st4de5mh1ms1.xml	DJ-92	solver-872a0909-926b-4f04-939f-f976958c8b0b	completed	valid	0	0	0	1070	1070		
92	LSDM_DJ2000_MLLP_12_unknown_ph1in93st1de6mh1ms1.xml::knownResult[000000]::solver-da0699e5-ff8a-4bcb-9878-b234c1427026	LSDM_DJ2000_MLLP_12_unknown_ph1in93st1de6mh1ms1.xml	DJ-93	solver-da0699e5-ff8a-4bcb-9878-b234c1427026	completed	valid	0	0	0	826.87999999999988	826.88		
93	LSDM_DJ2000_MLLP_12_unknown_ph1in94st2de6mh1ms1.xml::knownResult[000000]::solver-27907999-1dc0-4a62-8434-df27454be087	LSDM_DJ2000_MLLP_12_unknown_ph1in94st2de6mh1ms1.xml	DJ-94	solver-27907999-1dc0-4a62-8434-df27454be087	completed	valid	0	0	0	941.60000000000014	941.60000000000002		
94	LSDM_DJ2000_MLLP_12_unknown_ph1in95st3de6mh1ms1.xml::knownResult[000000]::solver-f281e144-0c48-44de-a226-412045bc592b	LSDM_DJ2000_MLLP_12_unknown_ph1in95st3de6mh1ms1.xml	DJ-95	solver-f281e144-0c48-44de-a226-412045bc592b	completed	valid	0	0	0	927	927		
95	LSDM_DJ2000_MLLP_12_unknown_ph1in96st4de6mh1ms1.xml::knownResult[000000]::solver-a73fb104-b789-4065-866c-21bc280c6f72	LSDM_DJ2000_MLLP_12_unknown_ph1in96st4de6mh1ms1.xml	DJ-96	solver-a73fb104-b789-4065-866c-21bc280c6f72	completed	valid	0	0	0	932	932